NickName,DRIVER,Team,P1_Pos,P1_Time,P1_Laps,P2_Pos,P2_Time,P2_Laps,P3_Pos,P3_Time,P3_Laps,Qualifying_Pos,Q1,Q2,Q3,Qualifying_Laps,Starting_Grid_Pos,Starting_Grid_Time,Race_Result_Pos,Race_Result_Laps,Race_Result_Time,Race_Result_Pts,Fastest_Lap_Pos,Fastest_Lap,Fastest_Lap_Time_Day,Fastest_Lap_Time,Fastest_Lap_AvgSpeed,GP,Season,Round,Total Pts,Sprint_Weekend,Sprint_Pos,Sprint_Laps,Sprint_Time,Sprint_Pts,Sprint_Grid_Pos,Sprint_Grid_Time,Sprint_Qualifying_Pos,Sprint_Qualifying_Q1,Sprint_Qualifying_Q2,Sprint_Qualifying_Q3,Sprint_Qualifying_Laps
ALB,Alexander Albon,Williams,6.0,+0.461s,18.0,12.0,+0.863s,28.0,7.0,+0.337s,21.0,6,1:16.245,1:16.017,1:15.737,21.0,6.0,1:15.737,5,57.0,+12.773s,10.0,8.0,43.0,16:35:35,1:24.597,224.603,oK_R1_australia_2025,2025,1,10,No,,,,,,,,,,,
ALO,Fernando Alonso,Aston Martin,8.0,+0.484s,23.0,13.0,+0.891s,27.0,17.0,+1.349s,22.0,12,1:16.288,1:16.453,0,13.0,12.0,1:16.453,NC,32.0,DNF,0.0,17.0,32.0,16:14:07,1:28.819,213.927,oK_R1_australia_2025,2025,1,0,No,,,,,,,,,,,
ANT,Kimi Antonelli,Mercedes,14.0,+1.138s,25.0,16.0,+1.195s,31.0,5.0,+0.285s,20.0,16,1:16.525,0,0,9.0,16.0,1:16.525,4,57.0,+10.135s,12.0,9.0,43.0,16:35:37,1:24.901,223.799,oK_R1_australia_2025,2025,1,12,No,,,,,,,,,,,
BEA,Oliver Bearman,Haas F1 Team,20.0,+2.060s,12.0,0.0,0,0.0,19.0,0,2.0,NC,DNS,0,0,1.0,20.0,0,14,57.0,+40.351s,0.0,16.0,42.0,16:35:15,1:27.603,216.896,oK_R1_australia_2025,2025,1,0,No,,,,,,,,,,,
BOR,Gabriel Bortoleto,Kick Sauber,15.0,+1.186s,22.0,18.0,+1.408s,29.0,11.0,+0.786s,18.0,15,1:16.516,1:17.520,0,13.0,15.0,1:17.520,NC,45.0,DNF,0.0,5.0,43.0,16:35:49,1:24.192,225.684,oK_R1_australia_2025,2025,1,0,No,,,,,,,,,,,
DOO,Jack Doohan,Alpine,13.0,+0.980s,20.0,14.0,+0.955s,30.0,15.0,+1.072s,18.0,14,1:16.315,1:16.863,0,15.0,14.0,1:16.863,NC,0.0,DNF,0.0,0.0,0.0,0,0,0.0,oK_R1_australia_2025,2025,1,0,No,,,,,,,,,,,
GAS,Pierre Gasly,Alpine,17.0,+1.253s,23.0,15.0,+1.054s,30.0,12.0,+0.798s,22.0,9,1:16.328,1:16.112,1:15.980,21.0,9.0,1:15.980,11,57.0,+26.502s,0.0,10.0,43.0,16:35:37,1:25.020,223.486,oK_R1_australia_2025,2025,1,0,No,,,,,,,,,,,
HAD,Isack Hadjar,Racing Bulls,9.0,+0.595s,25.0,6.0,+0.580s,30.0,13.0,+0.811s,18.0,11,1:16.354,1:16.175,0,12.0,11.0,1:16.175,NC,0.0,DNS,0.0,0.0,0.0,0,0,0.0,oK_R1_australia_2025,2025,1,0,No,,,,,,,,,,,
HAM,Lewis Hamilton,Ferrari,12.0,+0.819s,20.0,5.0,+0.420s,31.0,8.0,+0.457s,21.0,8,1:16.213,1:15.919,1:15.973,23.0,8.0,1:15.973,10,57.0,+22.473s,1.0,7.0,43.0,16:35:35,1:24.218,225.614,oK_R1_australia_2025,2025,1,1,No,,,,,,,,,,,
HUL,Nico Hulkenberg,Kick Sauber,18.0,+1.334s,18.0,8.0,+0.722s,24.0,16.0,+1.225s,15.0,17,1:16.579,0,0,9.0,17.0,1:16.579,7,57.0,+18.423s,6.0,12.0,43.0,16:35:39,1:25.243,222.901,oK_R1_australia_2025,2025,1,6,No,,,,,,,,,,,
LAW,Liam Lawson,Red Bull Racing,16.0,+1.203s,22.0,17.0,+1.201s,30.0,20.0,0,2.0,18,1:17.094,0,0,7.0,18.0,1:17.094,NC,46.0,DNF,0.0,2.0,43.0,16:35:49,1:22.970,229.008,oK_R1_australia_2025,2025,1,0,No,,,,,,,,,,,
LEC,Charles Leclerc,Ferrari,3.0,+0.209s,21.0,1.0,1:16.439,32.0,4.0,+0.267s,22.0,7,1:16.029,1:15.827,1:15.755,20.0,7.0,1:15.755,8,57.0,+19.826s,4.0,13.0,43.0,16:35:34,1:25.271,222.828,oK_R1_australia_2025,2025,1,4,No,,,,,,,,,,,
NOR,Lando Norris,McLaren,1.0,1:17.252,21.0,3.0,+0.141s,30.0,10.0,+0.676s,20.0,1,1:15.912,1:15.415,1:15.096,20.0,1.0,1:15.096,1,57.0,1:42:06.304,25.0,1.0,43.0,16:35:25,1:22.167,231.246,oK_R1_australia_2025,2025,1,25,No,,,,,,,,,,,
OCO,Esteban Ocon,Haas F1 Team,19.0,+1.887s,16.0,19.0,+1.595s,31.0,18.0,+1.452s,18.0,19,1:17.147,0,0,9.0,19.0,1:17.147,13,57.0,+33.161s,0.0,15.0,42.0,16:34:54,1:26.764,218.994,oK_R1_australia_2025,2025,1,0,No,,,,,,,,,,,
PIA,Oscar Piastri,McLaren,4.0,+0.418s,20.0,2.0,+0.124s,30.0,1.0,1:15.921,16.0,2,1:16.062,1:15.468,1:15.180,18.0,2.0,1:15.180,9,57.0,+20.448s,2.0,4.0,43.0,16:35:28,1:23.242,228.259,oK_R1_australia_2025,2025,1,2,No,,,,,,,,,,,
RUS,George Russell,Mercedes,7.0,+0.464s,26.0,10.0,+0.843s,30.0,2.0,+0.039s,17.0,4,1:15.971,1:15.798,1:15.546,21.0,4.0,1:15.546,3,57.0,+8.481s,15.0,11.0,43.0,16:35:33,1:25.065,223.368,oK_R1_australia_2025,2025,1,15,No,,,,,,,,,,,
SAI,Carlos Sainz,Williams,2.0,+0.149s,25.0,11.0,+0.863s,30.0,6.0,+0.331s,23.0,10,1:16.360,1:15.931,1:16.062,21.0,10.0,1:16.062,NC,0.0,DNF,0.0,0.0,0.0,0,0,0.0,oK_R1_australia_2025,2025,1,0,No,,,,,,,,,,,
STR,Lance Stroll,Aston Martin,10.0,+0.805s,20.0,9.0,+0.840s,28.0,14.0,+1.027s,22.0,13,1:16.369,1:16.483,0,15.0,13.0,1:16.483,6,57.0,+17.413s,8.0,14.0,43.0,16:35:39,1:25.538,222.132,oK_R1_australia_2025,2025,1,8,No,,,,,,,,,,,
TSU,Yuki Tsunoda,Racing Bulls,11.0,+0.809s,23.0,4.0,+0.345s,29.0,9.0,+0.534s,17.0,5,1:16.225,1:16.009,1:15.670,18.0,5.0,1:15.670,12,57.0,+29.884s,0.0,6.0,43.0,16:35:34,1:24.194,225.678,oK_R1_australia_2025,2025,1,0,No,,,,,,,,,,,
VER,Max Verstappen,Red Bull Racing,5.0,+0.444s,21.0,7.0,+0.624s,22.0,3.0,+0.081s,18.0,3,1:16.018,1:15.565,1:15.481,17.0,3.0,1:15.481,2,57.0,+0.895s,18.0,3.0,43.0,16:35:29,1:23.081,228.702,oK_R1_australia_2025,2025,1,18,No,,,,,,,,,,,
ALB,Alexander Albon,Williams,7.0,+1.183s,24.0,,,,,,,10,1:31.503,1:31.595,1:31.706,20.0,10.0,1:31.706,7,56.0,+56.321s,6.0,12.0,52.0,16:29:03,1:36.254,203.873,oK_R2_china_2025,2025,2,6,Yes,11,19.0,+39.292s,0.0,9.0,1:31.852,9,1:32.462,1:31.539,1:31.852,14.0
ALO,Fernando Alonso,Aston Martin,8.0,+1.262s,23.0,,,,,,,13,1:31.719,1:31.688,0,15.0,13.0,1:31.688,NC,4.0,DNF,0.0,17.0,3.0,15:08:43,1:39.256,197.706,oK_R2_china_2025,2025,2,0,Yes,10,19.0,+38.218s,0.0,11.0,1:31.815,11,1:32.121,1:31.815,0,8.0
ANT,Kimi Antonelli,Mercedes,9.0,+1.370s,27.0,,,,,,,8,1:31.676,1:31.590,1:31.103,22.0,8.0,1:31.103,6,56.0,+53.748s,8.0,11.0,56.0,16:35:27,1:36.046,204.314,oK_R2_china_2025,2025,2,10,Yes,7,19.0,+23.038s,2.0,7.0,1:31.738,7,1:31.999,1:31.475,1:31.738,17.0
BEA,Oliver Bearman,Haas F1 Team,11.0,+1.463s,23.0,,,,,,,17,1:32.018,0,0,8.0,17.0,1:32.018,8,56.0,+61.303s,4.0,13.0,52.0,16:29:08,1:36.363,203.642,oK_R2_china_2025,2025,2,4,Yes,15,19.0,+45.649s,0.0,12.0,1:31.978,12,1:32.269,1:31.978,0,9.0
BOR,Gabriel Bortoleto,Kick Sauber,19.0,+2.318s,24.0,,,,,,,19,1:32.141,0,0,9.0,19.0,1:32.141,14,55.0,+1 lap,0.0,8.0,28.0,15:50:56,1:35.874,204.681,oK_R2_china_2025,2025,2,0,Yes,18,19.0,+53.940s,0.0,14.0,1:32.564,14,1:32.539,1:32.564,0,12.0
DOO,Jack Doohan,Alpine,20.0,+2.419s,17.0,,,,,,,18,1:32.092,0,0,8.0,18.0,1:32.092,13,56.0,+88.401s,0.0,14.0,52.0,16:29:23,1:36.424,203.513,oK_R2_china_2025,2025,2,0,Yes,20,19.0,+70.212s,0.0,16.0,1:32.575,16,1:32.575,0,0,6.0
GAS,Pierre Gasly,Alpine,14.0,+1.619s,23.0,,,,,,,16,1:31.992,0,0,9.0,16.0,1:31.992,DQ,0.0,DSQ,0.0,20.0,49.0,16:24:22,1:36.425,203.511,oK_R2_china_2025,2025,2,0,Yes,12,19.0,+39.649s,0.0,17.0,1:32.640,17,1:32.640,0,0,6.0
HAD,Isack Hadjar,Racing Bulls,17.0,+1.881s,23.0,,,,,,,7,1:31.162,1:31.253,1:31.079,20.0,7.0,1:31.079,11,56.0,+78.875s,0.0,6.0,35.0,16:01:54,1:35.868,204.693,oK_R2_china_2025,2025,2,0,Yes,13,19.0,+42.400s,0.0,15.0,0,15,1:32.171,DNF,0,8.0
HAM,Lewis Hamilton,Ferrari,4.0,+0.691s,22.0,,,,,,,5,1:31.690,1:31.501,1:30.927,21.0,5.0,1:30.927,DQ,0.0,DSQ,0.0,18.0,41.0,16:11:07,1:35.069,206.414,oK_R2_china_2025,2025,2,8,Yes,1,19.0,30:39.965,8.0,1.0,1:30.849,1,1:31.212,1:31.384,1:30.849,15.0
HUL,Nico Hulkenberg,Kick Sauber,6.0,+1.003s,21.0,,,,,,,12,1:31.921,1:31.632,0,15.0,12.0,1:31.632,15,55.0,+1 lap,0.0,16.0,35.0,16:02:07,1:37.275,201.733,oK_R2_china_2025,2025,2,0,Yes,19,19.0,+56.682s,0.0,20.0,1:32.675,19,1:32.675,0,0,6.0
LAW,Liam Lawson,Red Bull Racing,18.0,+2.127s,23.0,,,,,,,20,1:32.174,0,0,8.0,20.0,1:32.174,12,56.0,+81.147s,0.0,9.0,32.0,15:57:12,1:35.985,204.444,oK_R2_china_2025,2025,2,0,Yes,14,19.0,+44.904s,0.0,19.0,1:32.729,20,1:32.729,0,0,5.0
LEC,Charles Leclerc,Ferrari,2.0,+0.454s,21.0,,,,,,,6,1:31.579,1:31.450,1:31.021,21.0,6.0,1:31.021,DQ,0.0,DSQ,0.0,19.0,49.0,16:23:36,1:36.157,204.078,oK_R2_china_2025,2025,2,4,Yes,5,19.0,+12.190s,4.0,4.0,1:31.057,4,1:31.518,1:31.561,1:31.057,15.0
NOR,Lando Norris,McLaren,1.0,1:31.504,23.0,,,,,,,3,1:30.983,1:30.787,1:30.793,17.0,3.0,1:30.793,2,56.0,+9.748s,18.0,1.0,53.0,16:29:48,1:35.454,205.581,oK_R2_china_2025,2025,2,19,Yes,8,19.0,+23.471s,1.0,6.0,1:31.393,6,1:31.396,1:31.174,1:31.393,13.0
OCO,Esteban Ocon,Haas F1 Team,13.0,+1.552s,23.0,,,,,,,11,1:31.876,1:31.625,0,15.0,11.0,1:31.625,5,56.0,+49.969s,10.0,4.0,56.0,16:35:23,1:35.740,204.967,oK_R2_china_2025,2025,2,10,Yes,16,19.0,+46.182s,0.0,18.0,1:32.651,18,1:32.651,0,0,6.0
PIA,Oscar Piastri,McLaren,3.0,+0.649s,24.0,,,,,,,1,1:31.591,1:31.200,1:30.641,20.0,1.0,1:30.641,1,56.0,1:30:55.026,25.0,3.0,53.0,16:29:45,1:35.520,205.439,oK_R2_china_2025,2025,2,32,Yes,2,19.0,+6.889s,7.0,3.0,1:30.929,3,1:31.723,1:31.362,1:30.929,13.0
RUS,George Russell,Mercedes,5.0,+0.873s,26.0,,,,,,,2,1:31.295,1:31.307,1:30.723,22.0,2.0,1:30.723,3,56.0,+11.097s,15.0,5.0,55.0,16:33:08,1:35.816,204.805,oK_R2_china_2025,2025,2,20,Yes,4,19.0,+11.592s,5.0,5.0,1:31.169,5,1:31.952,1:31.346,1:31.169,18.0
SAI,Carlos Sainz,Williams,15.0,+1.641s,26.0,,,,,,,15,1:31.628,1:31.840,0,15.0,15.0,1:31.840,10,56.0,+76.387s,1.0,15.0,50.0,16:26:06,1:36.779,202.767,oK_R2_china_2025,2025,2,1,Yes,17,19.0,+51.376s,0.0,13.0,1:32.325,13,1:32.457,1:32.325,0,10.0
STR,Lance Stroll,Aston Martin,12.0,+1.480s,19.0,,,,,,,14,1:31.923,1:31.773,0,15.0,14.0,1:31.773,9,56.0,+70.204s,2.0,10.0,39.0,16:08:17,1:36.044,204.318,oK_R2_china_2025,2025,2,2,Yes,9,19.0,+24.916s,0.0,10.0,1:31.982,10,1:32.327,1:31.742,1:31.982,12.0
TSU,Yuki Tsunoda,Racing Bulls,10.0,+1.430s,23.0,,,,,,,9,1:31.238,1:31.260,1:31.638,19.0,9.0,1:31.638,16,55.0,+1 lap,0.0,7.0,49.0,16:25:16,1:35.871,204.687,oK_R2_china_2025,2025,2,3,Yes,6,19.0,+22.288s,3.0,8.0,1:31.773,8,1:32.316,1:31.794,1:31.773,12.0
VER,Max Verstappen,Red Bull Racing,16.0,+1.780s,24.0,,,,,,,4,1:31.424,1:31.142,1:30.817,15.0,4.0,1:30.817,4,56.0,+16.656s,12.0,2.0,56.0,16:34:50,1:35.488,205.508,oK_R2_china_2025,2025,2,18,Yes,3,19.0,+9.804s,6.0,2.0,1:30.867,2,1:31.916,1:31.521,1:30.867,12.0
ALB,Alexander Albon,Williams,11.0,+0.843s,25.0,11.0,+0.909s,11.0,7.0,+0.589s,19.0,9.0,1:28.218,1:27.783,1:27.615,20.0,9.0,1:27.615,9.0,53.0,+40.367s,2.0,6.0,52.0,15:25:03,1:31.125,229.412,oK_R3_japan_2025,2025,3,2,No,,,,,,,,,,,
ALO,Fernando Alonso,Aston Martin,7.0,+0.673s,25.0,17.0,+1.864s,5.0,15.0,+1.807s,17.0,13.0,1:28.337,1:27.897,0,12.0,12.0,1:27.897,11.0,53.0,+57.333s,0.0,11.0,51.0,15:23:46,1:31.770,227.799,oK_R3_japan_2025,2025,3,0,No,,,,,,,,,,,
ANT,Kimi Antonelli,Mercedes,9.0,+0.735s,28.0,16.0,+1.619s,13.0,13.0,+1.161s,20.0,6.0,1:27.968,1:27.639,1:27.555,18.0,6.0,1:27.555,6.0,53.0,+18.671s,8.0,1.0,50.0,15:21:38,1:30.965,229.815,oK_R3_japan_2025,2025,3,8,No,,,,,,,,,,,
BEA,Oliver Bearman,Haas F1 Team,18.0,+1.528s,17.0,15.0,+1.540s,10.0,16.0,+2.119s,17.0,10.0,1:28.228,1:27.711,1:27.867,21.0,10.0,1:27.867,10.0,53.0,+54.529s,1.0,15.0,49.0,15:20:39,1:32.006,227.215,oK_R3_japan_2025,2025,3,1,No,,,,,,,,,,,
BOR,Gabriel Bortoleto,Kick Sauber,20.0,+1.598s,26.0,13.0,+1.221s,13.0,17.0,+2.169s,13.0,17.0,1:28.622,0,0,9.0,17.0,1:28.622,19.0,53.0,+83.897s,0.0,16.0,45.0,15:14:57,1:32.034,227.146,oK_R3_japan_2025,2025,3,0,No,,,,,,,,,,,
DOO,Jack Doohan,Alpine,0.0,0,0.0,20.0,+3.545s,4.0,14.0,+1.802s,15.0,19.0,1:28.877,0,0,9.0,19.0,1:28.877,15.0,53.0,+81.314s,0.0,20.0,47.0,15:17:56,1:32.685,225.551,oK_R3_japan_2025,2025,3,0,No,,,,,,,,,,,
GAS,Pierre Gasly,Alpine,14.0,+0.998s,23.0,9.0,+0.643s,13.0,8.0,+0.638s,15.0,11.0,1:28.186,1:27.822,0,12.0,11.0,1:27.822,13.0,53.0,+62.122s,0.0,12.0,52.0,15:25:22,1:31.820,227.675,oK_R3_japan_2025,2025,3,0,No,,,,,,,,,,,
HAD,Isack Hadjar,Racing Bulls,8.0,+0.676s,28.0,3.0,+0.404s,12.0,10.0,+0.821s,16.0,7.0,1:28.278,1:27.775,1:27.569,18.0,7.0,1:27.569,8.0,53.0,+37.134s,4.0,7.0,52.0,15:24:59,1:31.317,228.929,oK_R3_japan_2025,2025,3,4,No,,,,,,,,,,,
HAM,Lewis Hamilton,Ferrari,4.0,+0.502s,25.0,4.0,+0.430s,14.0,6.0,+0.559s,13.0,8.0,1:27.942,1:27.610,1:27.610,23.0,8.0,1:27.610,7.0,53.0,+29.182s,6.0,9.0,51.0,15:23:19,1:31.406,228.707,oK_R3_japan_2025,2025,3,6,No,,,,,,,,,,,
HIR,Ryo Hirakawa,Alpine,12.0,+0.845s,24.0,0.0,0,0.0,0.0,0,0.0,0.0,0,0,0,0.0,0.0,0,0.0,0.0,0,0.0,0.0,0.0,0,0,0.0,oK_R3_japan_2025,2025,3,0,No,,,,,,,,,,,
HUL,Nico Hulkenberg,Kick Sauber,17.0,+1.474s,21.0,12.0,+0.948s,12.0,20.0,+2.656s,17.0,16.0,1:28.570,0,0,9.0,16.0,1:28.570,16.0,53.0,+81.957s,0.0,19.0,31.0,14:53:08,1:32.572,225.826,oK_R3_japan_2025,2025,3,0,No,,,,,,,,,,,
LAW,Liam Lawson,Racing Bulls,13.0,+0.987s,28.0,5.0,+0.445s,13.0,12.0,+1.139s,19.0,14.0,1:28.554,1:27.906,0,12.0,13.0,1:27.906,17.0,53.0,+82.734s,0.0,17.0,39.0,15:05:39,1:32.043,227.124,oK_R3_japan_2025,2025,3,0,No,,,,,,,,,,,
LEC,Charles Leclerc,Ferrari,3.0,+0.416s,27.0,7.0,+0.472s,14.0,4.0,+0.449s,13.0,4.0,1:27.920,1:27.555,1:27.299,21.0,4.0,1:27.299,4.0,53.0,+16.097s,12.0,10.0,47.0,15:16:59,1:31.469,228.549,oK_R3_japan_2025,2025,3,12,No,,,,,,,,,,,
NOR,Lando Norris,McLaren,1.0,1:28.549,24.0,2.0,+0.049s,12.0,1.0,1:27.965,17.0,2.0,1:27.845,1:27.146,1:26.995,15.0,2.0,1:26.995,2.0,53.0,+1.423s,18.0,5.0,51.0,15:22:52,1:31.116,229.435,oK_R3_japan_2025,2025,3,18,No,,,,,,,,,,,
OCO,Esteban Ocon,Haas F1 Team,19.0,+1.574s,21.0,14.0,+1.393s,13.0,18.0,+2.218s,17.0,18.0,1:28.696,0,0,9.0,18.0,1:28.696,18.0,53.0,+83.438s,0.0,14.0,48.0,15:19:33,1:31.967,227.311,oK_R3_japan_2025,2025,3,0,No,,,,,,,,,,,
PIA,Oscar Piastri,McLaren,15.0,+1.159s,25.0,1.0,1:28.114,13.0,2.0,+0.026s,17.0,3.0,1:27.687,1:27.507,1:27.027,18.0,3.0,1:27.027,3.0,53.0,+2.129s,15.0,2.0,53.0,15:25:56,1:31.039,229.629,oK_R3_japan_2025,2025,3,15,No,,,,,,,,,,,
RUS,George Russell,Mercedes,2.0,+0.163s,29.0,6.0,+0.453s,13.0,3.0,+0.112s,15.0,5.0,1:27.843,1:27.400,1:27.318,17.0,5.0,1:27.318,5.0,53.0,+17.362s,10.0,8.0,51.0,15:23:08,1:31.357,228.829,oK_R3_japan_2025,2025,3,10,No,,,,,,,,,,,
SAI,Carlos Sainz,Williams,10.0,+0.784s,28.0,10.0,+0.718s,9.0,11.0,+0.881s,22.0,12.0,1:28.209,1:27.836,0,15.0,15.0,1:27.836,14.0,53.0,+74.129s,0.0,4.0,36.0,15:01:00,1:31.106,229.46,oK_R3_japan_2025,2025,3,0,No,,,,,,,,,,,
STR,Lance Stroll,Aston Martin,16.0,+1.209s,25.0,19.0,+2.731s,12.0,19.0,+2.302s,16.0,20.0,1:29.271,0,0,5.0,20.0,1:29.271,20.0,52.0,+1 lap,0.0,18.0,53.0,15:26:06,1:32.052,227.102,oK_R3_japan_2025,2025,3,0,No,,,,,,,,,,,
TSU,Yuki Tsunoda,Red Bull Racing,6.0,+0.623s,25.0,18.0,+2.511s,12.0,9.0,+0.820s,15.0,15.0,1:27.967,1:28.000,0,12.0,14.0,1:28,12.0,53.0,+58.401s,0.0,13.0,51.0,15:23:48,1:31.871,227.549,oK_R3_japan_2025,2025,3,0,No,,,,,,,,,,,
VER,Max Verstappen,Red Bull Racing,5.0,+0.516s,23.0,8.0,+0.556s,9.0,5.0,+0.532s,21.0,1.0,1:27.943,1:27.502,1:26.983,17.0,1.0,1:26.983,1.0,53.0,1:22:06.983,25.0,3.0,52.0,15:24:22,1:31.041,229.624,oK_R3_japan_2025,2025,3,25,No,,,,,,,,,,,
ALB,Alexander Albon,Williams,4.0,+0.724s,24.0,11.0,+1.191s,29.0,15.0,+2.107s,16.0,15.0,1:32.040,0,0,6.0,15.0,0,12,57.0,+48.839s,0.0,13.0,47.0,19:23:53,1:37.141,200.566,oK_R4_bahrain_2025,2025,4,0,No,,,,,,,,,,,
ALO,Fernando Alonso,Aston Martin,0.0,0,0.0,15.0,+1.320s,19.0,14.0,+1.902s,18.0,13.0,1:31.634,1:31.886,0,15.0,13.0,1:31.886,15,57.0,+60.340s,0.0,18.0,38.0,19:09:17,1:37.906,198.999,oK_R4_bahrain_2025,2025,4,0,No,,,,,,,,,,,
ANT,Kimi Antonelli,Mercedes,20.0,+4.847s,3.0,5.0,+0.722s,27.0,5.0,+1.270s,12.0,4.0,1:31.415,1:30.716,1:30.213,20.0,5.0,1:30.213,11,57.0,+48.016s,0.0,9.0,29.0,18:52:24,1:36.690,201.501,oK_R4_bahrain_2025,2025,4,0,No,,,,,,,,,,,
BEA,Oliver Bearman,Haas F1 Team,0.0,0,0.0,9.0,+1.079s,27.0,16.0,+2.689s,18.0,20.0,1:32.373,0,0,6.0,20.0,1:32.373,10,57.0,+47.594s,1.0,15.0,40.0,19:12:27,1:37.303,200.232,oK_R4_bahrain_2025,2025,4,1,No,,,,,,,,,,,
BEG,Dino Beganovic,Ferrari,14.0,+1.851s,20.0,0.0,0,0.0,0.0,0,0.0,0.0,0,0,0,0.0,0.0,0,0,0.0,0,0.0,0.0,0.0,0,0,0.0,oK_R4_bahrain_2025,2025,4,0,No,,,,,,,,,,,
BOR,Gabriel Bortoleto,Kick Sauber,11.0,+1.424s,23.0,13.0,+1.267s,25.0,18.0,+2.872s,16.0,18.0,1:32.186,0,0,6.0,18.0,1:32.186,18,57.0,+66.872s,0.0,19.0,38.0,19:09:18,1:38.006,198.795,oK_R4_bahrain_2025,2025,4,0,No,,,,,,,,,,,
BRO,Luke Browning,Williams,13.0,+1.681s,20.0,0.0,0,0.0,0.0,0,0.0,0.0,0,0,0,0.0,0.0,0,0,0.0,0,0.0,0.0,0.0,0,0,0.0,oK_R4_bahrain_2025,2025,4,0,No,,,,,,,,,,,
DOO,Jack Doohan,Alpine,7.0,+1.192s,23.0,14.0,+1.283s,27.0,12.0,+1.701s,18.0,11.0,1:31.414,1:31.245,0,13.0,11.0,1:31.245,14,57.0,+57.806s,0.0,8.0,31.0,18:55:44,1:36.682,201.518,oK_R4_bahrain_2025,2025,4,0,No,,,,,,,,,,,
DRU,Felipe Drugovich,Aston Martin,16.0,+1.994s,19.0,0.0,0,0.0,0.0,0,0.0,0.0,0,0,0,0.0,0.0,0,0,0.0,0,0.0,0.0,0.0,0,0,0.0,oK_R4_bahrain_2025,2025,4,0,No,,,,,,,,,,,
GAS,Pierre Gasly,Alpine,2.0,+0.238s,23.0,17.0,+1.442s,27.0,6.0,+1.328s,18.0,5.0,1:31.462,1:30.643,1:30.216,19.0,4.0,1:30.216,7,57.0,+36.002s,6.0,7.0,39.0,19:10:43,1:36.531,201.833,oK_R4_bahrain_2025,2025,4,6,No,,,,,,,,,,,
HAD,Isack Hadjar,Racing Bulls,12.0,+1.463s,22.0,6.0,+0.733s,24.0,7.0,+1.377s,15.0,12.0,1:31.591,1:31.271,0,12.0,12.0,1:31.271,13,57.0,+56.314s,0.0,10.0,30.0,18:54:19,1:36.952,200.957,oK_R4_bahrain_2025,2025,4,0,No,,,,,,,,,,,
HAM,Lewis Hamilton,Ferrari,3.0,+0.596s,23.0,8.0,+1.071s,23.0,10.0,+1.465s,18.0,9.0,1:31.219,1:31.009,1:30.772,18.0,9.0,1:30.772,5,57.0,+27.993s,10.0,6.0,37.0,19:07:28,1:36.235,202.454,oK_R4_bahrain_2025,2025,4,10,No,,,,,,,,,,,
HIR,Ryo Hirakawa,Haas F1 Team,17.0,+2.057s,20.0,0.0,0,0.0,0.0,0,0.0,0.0,0,0,0,0.0,0.0,0,0,0.0,0,0.0,0.0,0.0,0,0,0.0,oK_R4_bahrain_2025,2025,4,0,No,,,,,,,,,,,
HUL,Nico Hulkenberg,Kick Sauber,6.0,+1.058s,24.0,20.0,+1.991s,24.0,19.0,+2.990s,7.0,16.0,1:32.067,0,0,17.0,16.0,1:32.067,DQ,0.0,DSQ,0.0,16.0,30.0,18:54:23,1:37.338,200.16,oK_R4_bahrain_2025,2025,4,0,No,,,,,,,,,,,
IWA,Ayumu Iwasa,Red Bull Racing,19.0,+2.271s,20.0,0.0,0,0.0,0.0,0,0.0,0.0,0,0,0,0.0,0.0,0,0,0.0,0,0.0,0.0,0.0,0,0,0.0,oK_R4_bahrain_2025,2025,4,0,No,,,,,,,,,,,
LAW,Liam Lawson,Racing Bulls,8.0,+1.193s,23.0,12.0,+1.201s,27.0,13.0,+1.724s,14.0,17.0,1:32.165,0,0,6.0,17.0,1:32.165,16,57.0,+64.435s,0.0,17.0,44.0,19:19:02,1:37.380,200.073,oK_R4_bahrain_2025,2025,4,0,No,,,,,,,,,,,
LEC,Charles Leclerc,Ferrari,0.0,0,0.0,4.0,+0.540s,27.0,3.0,+0.834s,19.0,3.0,1:31.454,1:30.724,1:30.175,16.0,2.0,1:30.175,4,57.0,+19.679s,12.0,4.0,36.0,19:05:50,1:36.132,202.671,oK_R4_bahrain_2025,2025,4,12,No,,,,,,,,,,,
NOR,Lando Norris,McLaren,1.0,1:33.204,23.0,2.0,+0.154s,28.0,2.0,+0.668s,18.0,6.0,1:31.107,1:30.560,1:30.267,18.0,6.0,1:30.267,3,57.0,+16.273s,15.0,3.0,38.0,19:09:04,1:35.728,203.526,oK_R4_bahrain_2025,2025,4,15,No,,,,,,,,,,,
OCO,Esteban Ocon,Haas F1 Team,5.0,+0.980s,19.0,16.0,+1.365s,27.0,11.0,+1.594s,17.0,14.0,1:31.594,DNF,0,8.0,14.0,0,8,57.0,+44.244s,4.0,12.0,30.0,18:54:00,1:37.098,200.655,oK_R4_bahrain_2025,2025,4,4,No,,,,,,,,,,,
PIA,Oscar Piastri,McLaren,10.0,+1.304s,25.0,1.0,1:30.505,29.0,1.0,1:31.646,13.0,1.0,1:31.392,1:30.454,1:29.841,15.0,1.0,1:29.841,1,57.0,1:35:39.435,25.0,1.0,36.0,19:05:48,1:35.140,204.784,oK_R4_bahrain_2025,2025,4,25,No,,,,,,,,,,,
RUS,George Russell,Mercedes,0.0,0,0.0,3.0,+0.527s,25.0,4.0,+1.181s,13.0,2.0,1:31.494,1:30.664,1:30.009,20.0,3.0,1:30.009,2,57.0,+15.499s,18.0,2.0,36.0,19:05:49,1:35.518,203.974,oK_R4_bahrain_2025,2025,4,18,No,,,,,,,,,,,
SAI,Carlos Sainz,Williams,0.0,0,0.0,10.0,+1.118s,28.0,9.0,+1.446s,15.0,8.0,1:31.591,1:30.844,1:30.680,19.0,8.0,1:30.680,NC,45.0,DNF,0.0,11.0,16.0,18:30:48,1:36.954,200.953,oK_R4_bahrain_2025,2025,4,0,No,,,,,,,,,,,
STR,Lance Stroll,Aston Martin,15.0,+1.912s,23.0,19.0,+1.877s,27.0,17.0,+2.717s,16.0,19.0,1:32.283,0,0,9.0,19.0,1:32.283,17,57.0,+65.489s,0.0,20.0,38.0,19:09:18,1:38.064,198.678,oK_R4_bahrain_2025,2025,4,0,No,,,,,,,,,,,
TSU,Yuki Tsunoda,Red Bull Racing,9.0,+1.280s,23.0,18.0,+1.519s,25.0,20.0,+3.319s,15.0,10.0,1:31.751,1:31.228,1:31.303,17.0,10.0,1:31.303,9,57.0,+45.061s,2.0,14.0,45.0,19:20:35,1:37.225,200.392,oK_R4_bahrain_2025,2025,4,2,No,,,,,,,,,,,
VER,Max Verstappen,Red Bull Racing,0.0,0,0.0,7.0,+0.825s,27.0,8.0,+1.381s,13.0,7.0,1:31.303,1:31.019,1:30.423,17.0,7.0,1:30.423,6,57.0,+34.395s,8.0,5.0,29.0,18:52:25,1:36.167,202.597,oK_R4_bahrain_2025,2025,4,8,No,,,,,,,,,,,
VES,Frederik Vesti,Mercedes,18.0,+2.121s,26.0,0.0,0,0.0,0.0,0,0.0,0.0,0,0,0,0.0,0.0,0,0,0.0,0,0.0,0.0,0.0,0,0,0.0,oK_R4_bahrain_2025,2025,4,0,No,,,,,,,,,,,
ALB,Alexander Albon,Williams,5.0,+0.367s,23.0,10.0,+0.953s,23.0,6.0,+0.900s,16.0,11,1:28.279,1:28.109,0,14.0,11.0,1:28.109,9,50.0,+66.515s,2.0,16.0,47.0,21:21:27,1:33.477,237.773,oK_R5_saudi-arabia_2025,2025,5,2,No,,,,,,,,,,,
ALO,Fernando Alonso,Aston Martin,14.0,+0.737s,24.0,15.0,+1.395s,18.0,14.0,+1.399s,19.0,13,1:28.548,1:28.303,0,14.0,13.0,1:28.303,11,50.0,+75.917s,0.0,11.0,49.0,21:24:45,1:33.009,238.97,oK_R5_saudi-arabia_2025,2025,5,0,No,,,,,,,,,,,
ANT,Kimi Antonelli,Mercedes,13.0,+0.695s,24.0,11.0,+0.975s,16.0,10.0,+1.190s,18.0,5,1:28.128,1:27.798,1:27.866,17.0,5.0,1:27.866,6,50.0,+34.688s,8.0,5.0,50.0,21:25:36,1:32.396,240.555,oK_R5_saudi-arabia_2025,2025,5,8,No,,,,,,,,,,,
BEA,Oliver Bearman,Haas F1 Team,18.0,+1.356s,21.0,16.0,+1.487s,19.0,16.0,+1.500s,15.0,15,1:28.536,1:28.648,0,15.0,15.0,1:28.648,13,50.0,+79.194s,0.0,13.0,50.0,21:26:21,1:33.238,238.383,oK_R5_saudi-arabia_2025,2025,5,0,No,,,,,,,,,,,
BOR,Gabriel Bortoleto,Kick Sauber,20.0,+1.799s,23.0,0.0,0,0.0,19.0,+1.921s,24.0,20,1:29.462,0,0,8.0,20.0,1:29.462,18,49.0,+1 lap,0.0,18.0,39.0,21:09:19,1:34.447,235.331,oK_R5_saudi-arabia_2025,2025,5,0,No,,,,,,,,,,,
DOO,Jack Doohan,Alpine,16.0,+0.944s,25.0,17.0,+1.645s,21.0,15.0,+1.409s,21.0,17,1:28.739,0,0,9.0,17.0,1:28.739,17,49.0,+1 lap,0.0,12.0,49.0,21:23:47,1:33.150,238.608,oK_R5_saudi-arabia_2025,2025,5,0,No,,,,,,,,,,,
GAS,Pierre Gasly,Alpine,1.0,1:29.239,25.0,8.0,+0.839s,22.0,8.0,+1.136s,16.0,9,1:28.421,1:28.025,1:28.367,22.0,9.0,1:28.367,NC,0.0,DNF,0.0,0.0,0.0,0,0,0.0,oK_R5_saudi-arabia_2025,2025,5,0,No,,,,,,,,,,,
HAD,Isack Hadjar,Racing Bulls,15.0,+0.772s,15.0,12.0,+1.039s,17.0,11.0,+1.280s,17.0,14,1:28.571,1:28.418,0,12.0,14.0,1:28.418,10,50.0,+67.091s,1.0,14.0,39.0,21:08:58,1:33.257,238.334,oK_R5_saudi-arabia_2025,2025,5,1,No,,,,,,,,,,,
HAM,Lewis Hamilton,Ferrari,8.0,+0.576s,27.0,13.0,+1.104s,23.0,12.0,+1.291s,20.0,7,1:28.372,1:28.102,1:28.201,20.0,7.0,1:28.201,7,50.0,+39.073s,6.0,7.0,43.0,21:14:50,1:32.600,240.025,oK_R5_saudi-arabia_2025,2025,5,6,No,,,,,,,,,,,
HUL,Nico Hulkenberg,Kick Sauber,12.0,+0.677s,25.0,9.0,+0.926s,21.0,17.0,+1.731s,16.0,18,1:28.782,0,0,8.0,18.0,1:28.782,15,49.0,+1 lap,0.0,15.0,39.0,21:09:22,1:33.446,237.852,oK_R5_saudi-arabia_2025,2025,5,0,No,,,,,,,,,,,
LAW,Liam Lawson,Racing Bulls,11.0,+0.668s,19.0,14.0,+1.221s,22.0,13.0,+1.372s,18.0,12,1:28.561,1:28.191,0,11.0,12.0,1:28.191,12,50.0,+78.451s,0.0,10.0,43.0,21:15:17,1:32.998,238.998,oK_R5_saudi-arabia_2025,2025,5,0,No,,,,,,,,,,,
LEC,Charles Leclerc,Ferrari,3.0,+0.070s,28.0,4.0,+0.482s,22.0,5.0,+0.883s,21.0,4,1:28.552,1:27.866,1:27.670,19.0,4.0,1:27.670,3,50.0,+8.104s,15.0,2.0,49.0,21:23:37,1:32.192,241.088,oK_R5_saudi-arabia_2025,2025,5,15,No,,,,,,,,,,,
NOR,Lando Norris,McLaren,2.0,+0.007s,25.0,1.0,1:28.267,21.0,1.0,1:27.489,18.0,10,1:27.805,1:27.481,DNF,11.0,10.0,0,4,50.0,+9.196s,12.0,1.0,41.0,21:11:22,1:31.778,242.175,oK_R5_saudi-arabia_2025,2025,5,12,No,,,,,,,,,,,
OCO,Esteban Ocon,Haas F1 Team,19.0,+1.790s,21.0,19.0,+1.752s,22.0,18.0,+1.847s,20.0,19,1:29.092,0,0,9.0,19.0,1:29.092,14,50.0,+99.723s,0.0,17.0,47.0,21:21:50,1:34.309,235.676,oK_R5_saudi-arabia_2025,2025,5,0,No,,,,,,,,,,,
PIA,Oscar Piastri,McLaren,4.0,+0.102s,25.0,2.0,+0.163s,22.0,2.0,+0.024s,19.0,2,1:27.901,1:27.545,1:27.304,18.0,2.0,1:27.304,1,50.0,1:21:06.758,25.0,3.0,50.0,21:25:02,1:32.228,240.994,oK_R5_saudi-arabia_2025,2025,5,25,No,,,,,,,,,,,
RUS,George Russell,Mercedes,6.0,+0.379s,21.0,7.0,+0.706s,21.0,3.0,+0.627s,17.0,3,1:28.282,1:27.599,1:27.407,16.0,3.0,1:27.407,5,50.0,+27.236s,10.0,9.0,32.0,20:57:23,1:32.893,239.268,oK_R5_saudi-arabia_2025,2025,5,10,No,,,,,,,,,,,
SAI,Carlos Sainz,Williams,7.0,+0.540s,26.0,5.0,+0.675s,24.0,7.0,+1.081s,15.0,6,1:28.354,1:28.024,1:28.164,23.0,6.0,1:28.164,8,50.0,+64.630s,4.0,6.0,50.0,21:26:06,1:32.466,240.373,oK_R5_saudi-arabia_2025,2025,5,4,No,,,,,,,,,,,
STR,Lance Stroll,Aston Martin,17.0,+1.344s,23.0,18.0,+1.740s,18.0,20.0,+1.989s,19.0,16,1:28.645,0,0,9.0,16.0,1:28.645,16,49.0,+1 lap,0.0,8.0,44.0,21:17:16,1:32.745,239.65,oK_R5_saudi-arabia_2025,2025,5,0,No,,,,,,,,,,,
TSU,Yuki Tsunoda,Red Bull Racing,10.0,+0.582s,26.0,6.0,+0.696s,19.0,9.0,+1.181s,14.0,8,1:28.226,1:27.990,1:28.204,16.0,8.0,1:28.204,NC,1.0,DNF,0.0,0.0,0.0,0,0,0.0,oK_R5_saudi-arabia_2025,2025,5,0,No,,,,,,,,,,,
VER,Max Verstappen,Red Bull Racing,9.0,+0.579s,26.0,3.0,+0.280s,23.0,4.0,+0.845s,14.0,1,1:27.778,1:27.529,1:27.294,19.0,1.0,1:27.294,2,50.0,+2.843s,18.0,4.0,49.0,21:23:32,1:32.280,240.858,oK_R5_saudi-arabia_2025,2025,5,18,No,,,,,,,,,,,
ALB,Alexander Albon,Williams,5.0,+0.827s,25.0,,,,,,,7,1:27.042,1:26.855,1:26.682,20.0,7.0,1:26.682,5,57.0,+48.067s,10.0,6.0,55.0,17:30:20,1:30.482,215.326,oK_R6_miami_2025,2025,6,10,Yes,11,18.0,+7.522s,0.0,8.0,1:27.193,8,1:27.859,1:27.697,1:27.193,15.0
ALO,Fernando Alonso,Aston Martin,10.0,+1.115s,24.0,,,,,,,17,1:27.604,0,0,9.0,17.0,1:27.604,15,56.0,+1 lap,0.0,15.0,38.0,17:05:11,1:31.287,213.427,oK_R6_miami_2025,2025,6,0,Yes,NC,13.0,DNF,0.0,10.0,1:27.790,10,1:28.455,1:27.766,1:27.790,13.0
ANT,Kimi Antonelli,Mercedes,9.0,+1.099s,28.0,,,,,,,3,1:27.077,1:26.606,1:26.271,20.0,3.0,1:26.271,6,57.0,+55.502s,8.0,9.0,27.0,16:46:42,1:30.795,214.584,oK_R6_miami_2025,2025,6,10,Yes,7,18.0,+5.635s,2.0,1.0,1:26.482,1,1:27.858,1:27.384,1:26.482,15.0
BEA,Oliver Bearman,Haas F1 Team,16.0,+1.868s,22.0,,,,,,,20,1:27.999,0,0,9.0,19.0,1:27.999,NC,27.0,DNF,0.0,19.0,24.0,16:42:12,1:32.680,210.22,oK_R6_miami_2025,2025,6,0,Yes,14,18.0,+9.218s,0.0,19.0,1:29.825,20,1:29.825,0,0,5.0
BOR,Gabriel Bortoleto,Kick Sauber,15.0,+1.643s,19.0,,,,,,,13,1:27.343,1:27.151,0,15.0,13.0,1:27.151,NC,30.0,DNF,0.0,18.0,21.0,16:37:45,1:32.328,211.021,oK_R6_miami_2025,2025,6,0,Yes,15,18.0,+9.675s,0.0,18.0,1:29.312,19,1:29.312,0,0,6.0
DOO,Jack Doohan,Alpine,19.0,+2.229s,22.0,,,,,,,14,1:27.422,1:27.186,0,15.0,14.0,1:27.186,NC,0.0,DNF,0.0,0.0,0.0,0,0,0.0,oK_R6_miami_2025,2025,6,0,Yes,16,18.0,+9.909s,0.0,17.0,1:29.171,17,1:29.171,0,0,5.0
GAS,Pierre Gasly,Alpine,17.0,+1.956s,22.0,,,,,,,18,1:27.710,0,0,9.0,20.0,1:27.710,13,57.0,+90.445s,0.0,14.0,35.0,17:00:26,1:31.159,213.727,oK_R6_miami_2025,2025,6,1,Yes,8,18.0,+5.973s,1.0,13.0,1:28.167,13,1:28.345,1:28.167,0,9.0
HAD,Isack Hadjar,Racing Bulls,6.0,+0.840s,23.0,,,,,,,11,1:27.301,1:26.987,0,13.0,11.0,1:26.987,11,57.0,+74.602s,0.0,11.0,51.0,17:24:40,1:30.971,214.169,oK_R6_miami_2025,2025,6,0,Yes,10,18.0,+7.502s,0.0,9.0,1:27.543,9,1:28.394,1:27.773,1:27.543,12.0
HAM,Lewis Hamilton,Ferrari,13.0,+1.428s,20.0,,,,,,,12,1:27.279,1:27.006,0,15.0,12.0,1:27.006,8,57.0,+60.186s,4.0,7.0,35.0,17:00:09,1:30.562,215.136,oK_R6_miami_2025,2025,6,10,Yes,3,18.0,+1.073s,6.0,7.0,1:27.030,7,1:28.231,1:27.546,1:27.030,15.0
HUL,Nico Hulkenberg,Kick Sauber,14.0,+1.445s,13.0,,,,,,,16,1:27.473,0,0,9.0,16.0,1:27.473,14,56.0,+1 lap,0.0,12.0,43.0,17:12:46,1:31.015,214.065,oK_R6_miami_2025,2025,6,0,Yes,9,18.0,+6.153s,0.0,11.0,1:27.850,11,1:28.542,1:27.850,0,9.0
LAW,Liam Lawson,Racing Bulls,11.0,+1.246s,21.0,,,,,,,15,1:27.444,1:27.363,0,14.0,15.0,1:27.363,NC,36.0,DNF,0.0,17.0,30.0,16:52:49,1:31.770,212.304,oK_R6_miami_2025,2025,6,0,Yes,13,18.0,+9.024s,0.0,14.0,1:28.375,14,1:28.914,1:28.375,0,8.0
LEC,Charles Leclerc,Ferrari,2.0,+0.356s,22.0,,,,,,,8,1:27.417,1:26.948,1:26.754,20.0,8.0,1:26.754,7,57.0,+57.036s,6.0,4.0,35.0,17:00:08,1:30.461,215.376,oK_R6_miami_2025,2025,6,6,Yes,NC,0.0,DNS,0.0,6.0,1:26.808,6,1:28.325,1:27.467,1:26.808,16.0
NOR,Lando Norris,McLaren,12.0,+1.263s,21.0,,,,,,,2,1:26.955,1:26.499,1:26.269,21.0,2.0,1:26.269,2,57.0,+4.630s,18.0,1.0,36.0,17:01:03,1:29.746,217.092,oK_R6_miami_2025,2025,6,26,Yes,1,18.0,36:37.647,8.0,3.0,1:26.582,3,1:27.890,1:27.109,1:26.582,14.0
OCO,Esteban Ocon,Haas F1 Team,18.0,+2.051s,19.0,,,,,,,9,1:27.450,1:26.967,1:26.824,21.0,9.0,1:26.824,12,57.0,+82.006s,0.0,13.0,30.0,16:52:12,1:31.122,213.814,oK_R6_miami_2025,2025,6,0,Yes,12,18.0,+8.998s,0.0,12.0,1:28.070,12,1:28.303,1:28.070,0,9.0
PIA,Oscar Piastri,McLaren,1.0,1:27.128,22.0,,,,,,,4,1:27.006,1:26.269,1:26.375,16.0,4.0,1:26.375,1,57.0,1:28:51.587,25.0,2.0,35.0,16:59:26,1:29.822,216.908,oK_R6_miami_2025,2025,6,32,Yes,2,18.0,+0.672s,7.0,2.0,1:26.527,2,1:27.951,1:27.354,1:26.527,12.0
RUS,George Russell,Mercedes,7.0,+0.930s,26.0,,,,,,,5,1:27.014,1:26.575,1:26.385,20.0,5.0,1:26.385,3,57.0,+37.644s,15.0,3.0,31.0,16:53:21,1:30.318,215.717,oK_R6_miami_2025,2025,6,20,Yes,4,18.0,+3.127s,5.0,5.0,1:26.791,5,1:27.688,1:27.666,1:26.791,15.0
SAI,Carlos Sainz,Williams,4.0,+0.550s,23.0,,,,,,,6,1:27.098,1:26.847,1:26.569,20.0,6.0,1:26.569,9,57.0,+60.577s,2.0,8.0,35.0,17:00:10,1:30.703,214.802,oK_R6_miami_2025,2025,6,2,Yes,NC,12.0,DNF,0.0,15.0,0,15,1:27.899,DNF,0,8.0
STR,Lance Stroll,Aston Martin,20.0,+2.234s,21.0,,,,,,,19,1:27.830,0,0,9.0,18.0,1:27.830,16,56.0,+1 lap,0.0,16.0,51.0,17:23:45,1:31.769,212.306,oK_R6_miami_2025,2025,6,4,Yes,5,18.0,+3.412s,4.0,16.0,1:29.028,16,1:29.028,0,0,6.0
TSU,Yuki Tsunoda,Red Bull Racing,8.0,+1.027s,21.0,,,,,,,10,1:27.298,1:26.959,1:26.943,21.0,10.0,1:26.943,10,57.0,+74.434s,1.0,10.0,55.0,17:30:40,1:30.964,214.185,oK_R6_miami_2025,2025,6,4,Yes,6,18.0,+5.153s,3.0,20.0,1:29.246,18,1:29.246,0,0,5.0
VER,Max Verstappen,Red Bull Racing,3.0,+0.430s,20.0,,,,,,,1,1:26.870,1:26.643,1:26.204,18.0,1.0,1:26.204,4,57.0,+39.956s,12.0,5.0,41.0,17:09:00,1:30.466,215.364,oK_R6_miami_2025,2025,6,12,Yes,17,18.0,+12.059s,0.0,4.0,1:26.737,4,1:27.953,1:27.245,1:26.737,16.0
ALB,Alexander Albon,Williams,8.0,+0.377s,21.0,9.0,+0.623s,29.0,9.0,+0.835s,20.0,7,1:16.123,1:15.521,1:15.473,20.0,7.0,1:15.473,5,63.0,+17.945s,10.0,3.0,63.0,16:35:24,1:18.289,225.732,oK_R7_emilia-romagna_2025,2025,7,10,No,,,,,,,,,,,
ALO,Fernando Alonso,Aston Martin,14.0,+0.576s,22.0,14.0,+0.927s,21.0,11.0,+0.922s,18.0,5,1:15.695,1:15.442,1:15.431,19.0,5.0,1:15.431,11,63.0,+27.250s,0.0,11.0,61.0,16:32:52,1:19.894,221.198,oK_R7_emilia-romagna_2025,2025,7,0,No,,,,,,,,,,,
ANT,Kimi Antonelli,Mercedes,13.0,+0.549s,23.0,18.0,+1.113s,27.0,4.0,+0.502s,15.0,13,1:15.943,1:15.772,0,13.0,13.0,1:15.772,NC,44.0,DNF,0.0,18.0,33.0,15:50:10,1:20.620,219.206,oK_R7_emilia-romagna_2025,2025,7,0,No,,,,,,,,,,,
BEA,Oliver Bearman,Haas F1 Team,18.0,+0.901s,20.0,12.0,+0.716s,26.0,12.0,+1.047s,14.0,19,1:16.918,0,0,8.0,19.0,1:16.918,17,63.0,+33.808s,0.0,8.0,52.0,16:20:38,1:19.521,222.235,oK_R7_emilia-romagna_2025,2025,7,0,No,,,,,,,,,,,
BOR,Gabriel Bortoleto,Kick Sauber,9.0,+0.380s,23.0,16.0,+1.046s,27.0,16.0,+1.149s,17.0,14,1:16.340,1:16.260,0,15.0,14.0,1:16.260,18,63.0,+38.572s,0.0,19.0,57.0,16:27:36,1:20.630,219.178,oK_R7_emilia-romagna_2025,2025,7,0,No,,,,,,,,,,,
COL,Franco Colapinto,Alpine,17.0,+0.828s,21.0,13.0,+0.751s,29.0,18.0,+1.313s,14.0,15,1:16.256,0,0,5.0,16.0,0,16,63.0,+33.411s,0.0,13.0,57.0,16:27:35,1:20.345,219.956,oK_R7_emilia-romagna_2025,2025,7,0,No,,,,,,,,,,,
GAS,Pierre Gasly,Alpine,6.0,+0.151s,21.0,3.0,+0.276s,29.0,15.0,+1.093s,14.0,10,1:15.937,1:15.505,1:15.787,17.0,10.0,1:15.787,13,63.0,+31.424s,0.0,14.0,58.0,16:28:53,1:20.398,219.811,oK_R7_emilia-romagna_2025,2025,7,0,No,,,,,,,,,,,
HAD,Isack Hadjar,Racing Bulls,19.0,+1.096s,19.0,7.0,+0.499s,22.0,7.0,+0.611s,20.0,9,1:16.253,1:15.510,1:15.746,17.0,9.0,1:15.746,9,63.0,+23.586s,2.0,7.0,60.0,16:31:29,1:19.473,222.369,oK_R7_emilia-romagna_2025,2025,7,2,No,,,,,,,,,,,
HAM,Lewis Hamilton,Ferrari,5.0,+0.096s,22.0,11.0,+0.650s,26.0,10.0,+0.890s,25.0,12,1:16.163,1:15.765,0,14.0,12.0,1:15.765,4,63.0,+14.356s,12.0,2.0,61.0,16:32:42,1:18.265,225.802,oK_R7_emilia-romagna_2025,2025,7,12,No,,,,,,,,,,,
HUL,Nico Hulkenberg,Kick Sauber,10.0,+0.453s,23.0,19.0,+1.126s,26.0,19.0,+1.341s,16.0,17,1:16.518,0,0,9.0,17.0,1:16.518,12,63.0,+30.296s,0.0,15.0,62.0,16:34:15,1:20.401,219.803,oK_R7_emilia-romagna_2025,2025,7,0,No,,,,,,,,,,,
LAW,Liam Lawson,Racing Bulls,15.0,+0.741s,22.0,15.0,+0.962s,22.0,14.0,+1.080s,21.0,16,1:16.379,0,0,6.0,15.0,1:16.379,14,63.0,+32.511s,0.0,16.0,60.0,16:31:36,1:20.473,219.606,oK_R7_emilia-romagna_2025,2025,7,0,No,,,,,,,,,,,
LEC,Charles Leclerc,Ferrari,12.0,+0.532s,23.0,6.0,+0.475s,28.0,5.0,+0.554s,26.0,11,1:16.108,1:15.604,0,14.0,11.0,1:15.604,6,63.0,+20.774s,8.0,6.0,56.0,16:26:03,1:19.048,223.565,oK_R7_emilia-romagna_2025,2025,7,8,No,,,,,,,,,,,
NOR,Lando Norris,McLaren,2.0,+0.032s,23.0,2.0,+0.025s,25.0,1.0,1:14.897,19.0,4,1:15.894,1:15.261,1:14.962,19.0,4.0,1:14.962,2,63.0,+6.109s,18.0,4.0,63.0,16:35:12,1:18.311,225.669,oK_R7_emilia-romagna_2025,2025,7,18,No,,,,,,,,,,,
OCO,Esteban Ocon,Haas F1 Team,20.0,+1.117s,20.0,20.0,+1.127s,24.0,20.0,+1.490s,15.0,18,1:16.613,0,0,9.0,18.0,1:16.613,NC,27.0,DNF,0.0,20.0,3.0,15:08:15,1:21.413,217.07,oK_R7_emilia-romagna_2025,2025,7,0,No,,,,,,,,,,,
PIA,Oscar Piastri,McLaren,1.0,1:16.545,23.0,1.0,1:15.293,28.0,2.0,+0.100s,19.0,1,1:15.500,1:15.214,1:14.670,18.0,1.0,1:14.670,3,63.0,+12.956s,15.0,5.0,56.0,16:26:01,1:18.894,224.001,oK_R7_emilia-romagna_2025,2025,7,15,No,,,,,,,,,,,
RUS,George Russell,Mercedes,4.0,+0.054s,26.0,4.0,+0.400s,23.0,8.0,+0.765s,14.0,3,1:15.852,1:15.334,1:14.807,17.0,3.0,1:14.807,7,63.0,+22.034s,6.0,9.0,55.0,16:24:46,1:19.733,221.644,oK_R7_emilia-romagna_2025,2025,7,6,No,,,,,,,,,,,
SAI,Carlos Sainz,Williams,3.0,+0.052s,19.0,10.0,+0.641s,29.0,6.0,+0.560s,21.0,6,1:15.987,1:15.198,1:15.432,21.0,6.0,1:15.432,8,63.0,+22.898s,4.0,10.0,58.0,16:28:48,1:19.836,221.358,oK_R7_emilia-romagna_2025,2025,7,4,No,,,,,,,,,,,
STR,Lance Stroll,Aston Martin,11.0,+0.487s,23.0,17.0,+1.048s,23.0,13.0,+1.078s,22.0,8,1:15.817,1:15.497,1:15.581,21.0,8.0,1:15.581,15,63.0,+32.993s,0.0,17.0,58.0,16:28:55,1:20.501,219.53,oK_R7_emilia-romagna_2025,2025,7,0,No,,,,,,,,,,,
TSU,Yuki Tsunoda,Red Bull Racing,16.0,+0.811s,18.0,8.0,+0.534s,29.0,17.0,+1.213s,14.0,NC,DNF,0,0,2.0,20.0,0,10,63.0,+26.446s,1.0,12.0,60.0,16:31:31,1:20.039,220.797,oK_R7_emilia-romagna_2025,2025,7,1,No,,,,,,,,,,,
VER,Max Verstappen,Red Bull Racing,7.0,+0.360s,15.0,5.0,+0.442s,26.0,3.0,+0.181s,17.0,2,1:15.175,1:15.394,1:14.704,17.0,2.0,1:14.704,1,63.0,1:31:33.199,25.0,1.0,58.0,16:28:34,1:17.988,226.604,oK_R7_emilia-romagna_2025,2025,7,25,No,,,,,,,,,,,
ALB,Alexander Albon,Williams,4.0,+0.350s,33.0,8.0,+0.563s,34.0,6.0,+0.715s,24.0,10,1:11.629,1:10.732,1:11.213,34.0,10.0,1:11.213,9,76.0,+2 laps,2.0,9.0,76.0,16:41:25,1:14.597,161.041,oK_R8_monaco_2025,2025,8,2,No,,,,,,,,,,,
ALO,Fernando Alonso,Aston Martin,10.0,+0.763s,28.0,7.0,+0.535s,30.0,12.0,+1.148s,22.0,7,1:11.674,1:11.182,1:10.924,30.0,6.0,1:10.924,NC,36.0,DNF,0.0,18.0,15.0,15:24:19,1:15.593,158.919,oK_R8_monaco_2025,2025,8,0,No,,,,,,,,,,,
ANT,Kimi Antonelli,Mercedes,11.0,+0.801s,34.0,9.0,+0.647s,32.0,10.0,+1.060s,23.0,15,1:11.880,0,0,11.0,15.0,0,18,75.0,+3 laps,0.0,3.0,77.0,16:42:36,1:13.518,163.404,oK_R8_monaco_2025,2025,8,0,No,,,,,,,,,,,
BEA,Oliver Bearman,Haas F1 Team,15.0,+1.365s,34.0,15.0,+0.904s,33.0,16.0,+1.298s,20.0,17,1:11.979,0,0,13.0,20.0,1:11.979,12,76.0,+2 laps,0.0,10.0,6.0,15:13:02,1:14.855,160.486,oK_R8_monaco_2025,2025,8,0,No,,,,,,,,,,,
BOR,Gabriel Bortoleto,Kick Sauber,18.0,+1.506s,29.0,14.0,+0.879s,29.0,19.0,+1.648s,28.0,16,1:11.902,0,0,13.0,16.0,1:11.902,14,76.0,+2 laps,0.0,12.0,38.0,15:54:04,1:14.884,160.424,oK_R8_monaco_2025,2025,8,0,No,,,,,,,,,,,
COL,Franco Colapinto,Alpine,19.0,+1.856s,32.0,20.0,+2.060s,31.0,20.0,+1.898s,32.0,20,1:12.597,0,0,12.0,18.0,1:12.597,13,76.0,+2 laps,0.0,16.0,31.0,15:44:43,1:15.298,159.542,oK_R8_monaco_2025,2025,8,0,No,,,,,,,,,,,
GAS,Pierre Gasly,Alpine,8.0,+0.705s,29.0,17.0,+1.049s,34.0,14.0,+1.241s,20.0,18,1:11.994,0,0,11.0,17.0,1:11.994,NC,7.0,DNF,0.0,20.0,6.0,15:12:47,1:18.054,153.908,oK_R8_monaco_2025,2025,8,0,No,,,,,,,,,,,
HAD,Isack Hadjar,Racing Bulls,13.0,+1.223s,35.0,6.0,+0.487s,17.0,17.0,+1.318s,30.0,6,1:11.811,1:11.040,1:10.923,27.0,5.0,1:10.923,6,77.0,+1 lap,8.0,19.0,16.0,15:25:54,1:15.981,158.107,oK_R8_monaco_2025,2025,8,8,No,,,,,,,,,,,
HAM,Lewis Hamilton,Ferrari,9.0,+0.726s,30.0,3.0,+0.105s,30.0,5.0,+0.563s,26.0,4,1:11.575,1:10.883,1:10.382,28.0,7.0,1:10.382,5,78.0,+51.387s,10.0,7.0,73.0,16:38:12,1:14.090,162.143,oK_R8_monaco_2025,2025,8,10,No,,,,,,,,,,,
HUL,Nico Hulkenberg,Kick Sauber,12.0,+1.015s,30.0,16.0,+0.907s,32.0,13.0,+1.172s,25.0,13,1:11.871,1:11.596,0,23.0,13.0,1:11.596,16,76.0,+2 laps,0.0,15.0,49.0,16:07:05,1:15.223,159.701,oK_R8_monaco_2025,2025,8,0,No,,,,,,,,,,,
LAW,Liam Lawson,Racing Bulls,17.0,+1.465s,37.0,5.0,+0.468s,32.0,7.0,+0.861s,33.0,9,1:11.818,1:11.250,1:11.129,26.0,9.0,1:11.129,8,77.0,+1 lap,4.0,17.0,55.0,16:15:20,1:15.321,159.493,oK_R8_monaco_2025,2025,8,4,No,,,,,,,,,,,
LEC,Charles Leclerc,Ferrari,1.0,1:11.964,33.0,1.0,1:11.355,32.0,1.0,1:10.953,25.0,2,1:11.229,1:10.581,1:10.063,27.0,2.0,1:10.063,2,78.0,+3.131s,18.0,6.0,36.0,15:50:50,1:14.055,162.219,oK_R8_monaco_2025,2025,8,18,No,,,,,,,,,,,
NOR,Lando Norris,McLaren,3.0,+0.326s,32.0,4.0,+0.322s,32.0,3.0,+0.294s,23.0,1,1:11.285,1:10.570,1:09.954,27.0,1.0,1:09.954,1,78.0,1:40:33.843,25.0,1.0,78.0,16:43:42,1:13.221,164.067,oK_R8_monaco_2025,2025,8,25,No,,,,,,,,,,,
OCO,Esteban Ocon,Haas F1 Team,16.0,+1.430s,31.0,19.0,+1.186s,33.0,18.0,+1.546s,25.0,8,1:11.839,1:11.262,1:10.942,32.0,8.0,1:10.942,7,77.0,+1 lap,6.0,14.0,34.0,15:49:20,1:15.157,159.841,oK_R8_monaco_2025,2025,8,6,No,,,,,,,,,,,
PIA,Oscar Piastri,McLaren,5.0,+0.378s,28.0,2.0,+0.038s,28.0,4.0,+0.445s,21.0,3,1:11.308,1:10.858,1:10.129,29.0,3.0,1:10.129,3,78.0,+3.658s,15.0,4.0,60.0,16:21:08,1:13.745,162.901,oK_R8_monaco_2025,2025,8,15,No,,,,,,,,,,,
RUS,George Russell,Mercedes,6.0,+0.518s,33.0,12.0,+0.737s,32.0,11.0,+1.113s,22.0,14,1:11.507,DNF,0,13.0,14.0,0,11,76.0,+2 laps,0.0,2.0,76.0,16:41:48,1:13.405,163.656,oK_R8_monaco_2025,2025,8,0,No,,,,,,,,,,,
SAI,Carlos Sainz,Williams,7.0,+0.570s,36.0,13.0,+0.796s,32.0,8.0,+0.940s,24.0,11,1:11.707,1:11.362,0,25.0,11.0,1:11.362,10,76.0,+2 laps,1.0,5.0,70.0,16:33:54,1:13.988,162.366,oK_R8_monaco_2025,2025,8,1,No,,,,,,,,,,,
STR,Lance Stroll,Aston Martin,20.0,+3.671s,4.0,18.0,+1.157s,30.0,15.0,+1.249s,24.0,19,1:12.563,0,0,11.0,19.0,1:12.563,15,76.0,+2 laps,0.0,11.0,69.0,16:33:26,1:14.877,160.439,oK_R8_monaco_2025,2025,8,0,No,,,,,,,,,,,
TSU,Yuki Tsunoda,Red Bull Racing,14.0,+1.268s,32.0,11.0,+0.717s,30.0,9.0,+0.999s,21.0,12,1:11.800,1:11.415,0,20.0,12.0,1:11.415,17,76.0,+2 laps,0.0,13.0,77.0,16:43:38,1:14.913,160.362,oK_R8_monaco_2025,2025,8,0,No,,,,,,,,,,,
VER,Max Verstappen,Red Bull Racing,2.0,+0.163s,30.0,10.0,+0.713s,29.0,2.0,+0.280s,23.0,5,1:11.431,1:10.875,1:10.669,21.0,4.0,1:10.669,4,78.0,+20.572s,12.0,8.0,45.0,16:02:10,1:14.230,161.837,oK_R8_monaco_2025,2025,8,12,No,,,,,,,,,,,
ALB,Alexander Albon,Williams,0.0,0,0.0,15.0,+1.079s,32.0,19.0,+1.902s,5.0,11.0,1:13.044,1:12.641,0,14.0,11.0,1:12.641,NC,27.0,DNF,0.0,19.0,9.0,15:16:13,1:20.508,208.242,oK_R9_spain_2025,2025,9,0,No,,,,,,,,,,,
ALO,Fernando Alonso,Aston Martin,13.0,+1.080s,20.0,7.0,+0.541s,28.0,8.0,+1.027s,17.0,10.0,1:13.102,1:12.523,1:12.284,14.0,10.0,1:12.284,9,66.0,+21.564s,2.0,11.0,66.0,16:36:36,1:18.128,214.586,oK_R9_spain_2025,2025,9,2,No,,,,,,,,,,,
ANT,Kimi Antonelli,Mercedes,18.0,+1.651s,31.0,6.0,+0.538s,31.0,7.0,+1.018s,12.0,6.0,1:12.815,1:12.585,1:12.111,18.0,6.0,1:12.111,NC,53.0,DNF,0.0,12.0,52.0,16:14:28,1:18.255,214.238,oK_R9_spain_2025,2025,9,0,No,,,,,,,,,,,
BEA,Oliver Bearman,Haas F1 Team,7.0,+0.879s,26.0,19.0,+1.366s,20.0,20.0,+2.073s,12.0,15.0,1:13.074,1:13.315,0,15.0,14.0,1:13.315,17,66.0,+37.065s,0.0,16.0,63.0,16:32:41,1:18.907,212.467,oK_R9_spain_2025,2025,9,0,No,,,,,,,,,,,
BOR,Gabriel Bortoleto,Kick Sauber,16.0,+1.437s,23.0,17.0,+1.199s,27.0,11.0,+1.335s,19.0,12.0,1:13.045,1:12.756,0,12.0,12.0,1:12.756,12,66.0,+25.996s,0.0,13.0,52.0,16:13:54,1:18.297,214.123,oK_R9_spain_2025,2025,9,0,No,,,,,,,,,,,
COL,Franco Colapinto,Alpine,20.0,+1.812s,19.0,20.0,+1.543s,31.0,17.0,+1.698s,23.0,19.0,1:13.334,0,0,7.0,18.0,1:13.334,15,66.0,+31.381s,0.0,14.0,42.0,16:00:44,1:18.353,213.97,oK_R9_spain_2025,2025,9,0,No,,,,,,,,,,,
GAS,Pierre Gasly,Alpine,10.0,+1.028s,28.0,8.0,+0.625s,30.0,16.0,+1.567s,20.0,8.0,1:13.081,1:12.611,1:12.199,18.0,8.0,1:12.199,8,66.0,+17.882s,4.0,9.0,63.0,16:32:35,1:17.896,215.225,oK_R9_spain_2025,2025,9,4,No,,,,,,,,,,,
HAD,Isack Hadjar,Racing Bulls,8.0,+0.887s,26.0,9.0,+0.640s,29.0,6.0,+0.995s,17.0,9.0,1:13.139,1:12.461,1:12.252,15.0,9.0,1:12.252,7,66.0,+16.022s,6.0,8.0,63.0,16:32:34,1:17.770,215.574,oK_R9_spain_2025,2025,9,6,No,,,,,,,,,,,
HAM,Lewis Hamilton,Ferrari,3.0,+0.378s,29.0,11.0,+0.773s,29.0,9.0,+1.140s,17.0,5.0,1:13.058,1:12.447,1:12.045,15.0,5.0,1:12.045,6,66.0,+15.508s,8.0,7.0,62.0,16:31:14,1:17.706,215.751,oK_R9_spain_2025,2025,9,8,No,,,,,,,,,,,
HIR,Ryo Hirakawa,Haas F1 Team,17.0,+1.580s,23.0,0.0,0,0.0,0.0,0,0.0,0.0,0,0,0,0.0,0.0,0,0,0.0,0,0.0,0.0,0.0,0,0,0.0,oK_R9_spain_2025,2025,9,0,No,,,,,,,,,,,
HUL,Nico Hulkenberg,Kick Sauber,14.0,+1.147s,21.0,12.0,+0.832s,30.0,12.0,+1.346s,18.0,16.0,1:13.190,0,0,6.0,15.0,1:13.190,5,66.0,+13.648s,10.0,6.0,63.0,16:32:33,1:17.575,216.116,oK_R9_spain_2025,2025,9,10,No,,,,,,,,,,,
LAW,Liam Lawson,Racing Bulls,6.0,+0.621s,28.0,10.0,+0.734s,29.0,10.0,+1.250s,18.0,13.0,1:13.039,1:12.763,0,12.0,13.0,1:12.763,11,66.0,+25.532s,0.0,18.0,62.0,16:31:19,1:19.424,211.084,oK_R9_spain_2025,2025,9,0,No,,,,,,,,,,,
LEC,Charles Leclerc,Ferrari,4.0,+0.520s,31.0,5.0,+0.500s,33.0,3.0,+0.743s,17.0,7.0,1:13.014,1:12.495,1:12.131,12.0,7.0,1:12.131,3,66.0,+10.455s,15.0,5.0,62.0,16:31:11,1:17.259,216.999,oK_R9_spain_2025,2025,9,15,No,,,,,,,,,,,
MAR,Victor Martins,Williams,19.0,+1.804s,26.0,0.0,0,0.0,0.0,0,0.0,0.0,0,0,0,0.0,0.0,0,0,0.0,0,0.0,0.0,0.0,0,0,0.0,oK_R9_spain_2025,2025,9,0,No,,,,,,,,,,,
NOR,Lando Norris,McLaren,1.0,1:13.718,29.0,4.0,+0.310s,31.0,2.0,+0.526s,18.0,2.0,1:12.799,1:12.056,1:11.755,15.0,2.0,1:11.755,2,66.0,+2.471s,18.0,2.0,61.0,16:29:52,1:16.187,220.053,oK_R9_spain_2025,2025,9,18,No,,,,,,,,,,,
OCO,Esteban Ocon,Haas F1 Team,0.0,0,0.0,18.0,+1.245s,30.0,18.0,+1.751s,14.0,17.0,1:13.201,0,0,9.0,16.0,1:13.201,16,66.0,+32.197s,0.0,15.0,47.0,16:07:08,1:18.624,213.232,oK_R9_spain_2025,2025,9,0,No,,,,,,,,,,,
PIA,Oscar Piastri,McLaren,5.0,+0.576s,28.0,1.0,1:12.760,28.0,1.0,1:12.387,14.0,1.0,1:12.551,1:11.998,1:11.546,14.0,1.0,1:11.546,1,66.0,1:32:57.375,25.0,1.0,61.0,16:29:51,1:15.743,221.343,oK_R9_spain_2025,2025,9,25,No,,,,,,,,,,,
RUS,George Russell,Mercedes,11.0,+1.033s,32.0,2.0,+0.286s,32.0,4.0,+0.752s,18.0,4.0,1:12.806,1:12.407,1:11.848,12.0,4.0,1:11.848,4,66.0,+11.359s,12.0,4.0,62.0,16:31:13,1:17.244,217.042,oK_R9_spain_2025,2025,9,12,No,,,,,,,,,,,
SAI,Carlos Sainz,Williams,15.0,+1.217s,26.0,14.0,+0.961s,34.0,13.0,+1.371s,16.0,18.0,1:13.203,0,0,6.0,17.0,1:13.203,14,66.0,+29.309s,0.0,17.0,65.0,16:35:24,1:19.317,211.369,oK_R9_spain_2025,2025,9,0,No,,,,,,,,,,,
STR,Lance Stroll,Aston Martin,12.0,+1.068s,24.0,16.0,+1.079s,17.0,15.0,+1.517s,20.0,14.0,1:13.038,1:13.058,0,15.0,14.0,1:13.058,0,0.0,0,0.0,0.0,0.0,0,0,0.0,oK_R9_spain_2025,2025,9,0,No,,,,,,,,,,,
TSU,Yuki Tsunoda,Red Bull Racing,9.0,+0.925s,27.0,13.0,+0.923s,31.0,14.0,+1.505s,13.0,20.0,1:13.385,0,0,6.0,19.0,1:13.385,13,66.0,+28.822s,0.0,10.0,47.0,16:07:09,1:17.998,214.943,oK_R9_spain_2025,2025,9,0,No,,,,,,,,,,,
VER,Max Verstappen,Red Bull Racing,2.0,+0.367s,18.0,3.0,+0.310s,30.0,5.0,+0.988s,14.0,3.0,1:12.798,1:12.358,1:11.848,12.0,3.0,1:11.848,10,66.0,+21.826s,1.0,3.0,62.0,16:31:12,1:17.019,217.676,oK_R9_spain_2025,2025,9,1,No,,,,,,,,,,,
ALB,Alexander Albon,Williams,2.0,+0.039s,28.0,4.0,+0.322s,36.0,10.0,+0.774s,22.0,10,1:12.090,1:11.892,1:11.907,30.0,9.0,1:11.907,NC,46.0,DNF,0.0,18.0,31.0,14:43:48,1:16.197,206.039,oK_R10_canada_2025,2025,10,0,No,,,,,,,,,,,
ALO,Fernando Alonso,Aston Martin,12.0,+0.779s,25.0,5.0,+0.335s,31.0,6.0,+0.448s,21.0,6,1:12.073,1:11.805,1:11.586,27.0,6.0,1:11.586,7,70.0,+10.972s,6.0,12.0,58.0,15:18:03,1:15.024,209.261,oK_R10_canada_2025,2025,10,6,No,,,,,,,,,,,
ANT,Kimi Antonelli,Mercedes,13.0,+0.809s,30.0,3.0,+0.288s,33.0,7.0,+0.549s,21.0,4,1:12.279,1:11.974,1:11.391,21.0,4.0,1:11.391,3,70.0,+1.014s,15.0,7.0,60.0,15:19:33,1:14.455,210.86,oK_R10_canada_2025,2025,10,15,No,,,,,,,,,,,
BEA,Oliver Bearman,Haas F1 Team,17.0,+1.327s,30.0,16.0,+0.957s,36.0,15.0,+1.026s,27.0,14,1:12.306,1:12.340,0,19.0,13.0,1:12.340,11,69.0,+1 lap,0.0,15.0,63.0,15:23:29,1:15.397,208.225,oK_R10_canada_2025,2025,10,0,No,,,,,,,,,,,
BOR,Gabriel Bortoleto,Kick Sauber,16.0,+1.131s,30.0,13.0,+0.773s,32.0,19.0,+1.373s,22.0,16,1:12.385,0,0,11.0,15.0,1:12.385,14,69.0,+1 lap,0.0,16.0,57.0,15:16:00,1:15.414,208.178,oK_R10_canada_2025,2025,10,0,No,,,,,,,,,,,
COL,Franco Colapinto,Alpine,19.0,+1.452s,29.0,18.0,+1.775s,33.0,17.0,+1.261s,27.0,12,1:12.234,1:12.142,0,20.0,10.0,1:12.142,13,69.0,+1 lap,0.0,17.0,53.0,15:11:55,1:16.076,206.367,oK_R10_canada_2025,2025,10,0,No,,,,,,,,,,,
GAS,Pierre Gasly,Alpine,9.0,+0.624s,29.0,12.0,+0.751s,34.0,12.0,+0.885s,27.0,20,1:12.667,0,0,12.0,20.0,1:12.667,15,69.0,+1 lap,0.0,11.0,64.0,15:24:53,1:14.993,209.347,oK_R10_canada_2025,2025,10,0,No,,,,,,,,,,,
HAD,Isack Hadjar,Racing Bulls,6.0,+0.438s,31.0,11.0,+0.676s,31.0,11.0,+0.852s,22.0,9,1:12.211,1:12.003,1:11.867,21.0,12.0,1:11.867,16,69.0,+1 lap,0.0,19.0,51.0,15:09:25,1:16.292,205.783,oK_R10_canada_2025,2025,10,0,No,,,,,,,,,,,
HAM,Lewis Hamilton,Ferrari,5.0,+0.427s,30.0,8.0,+0.530s,34.0,4.0,+0.251s,26.0,5,1:11.952,1:11.885,1:11.526,27.0,5.0,1:11.526,6,70.0,+10.713s,8.0,9.0,64.0,15:25:10,1:14.805,209.873,oK_R10_canada_2025,2025,10,8,No,,,,,,,,,,,
HUL,Nico Hulkenberg,Kick Sauber,20.0,+1.628s,28.0,14.0,+0.791s,33.0,18.0,+1.273s,19.0,13,1:12.323,1:12.183,0,18.0,11.0,1:12.183,8,70.0,+15.364s,4.0,14.0,65.0,15:26:53,1:15.372,208.294,oK_R10_canada_2025,2025,10,4,No,,,,,,,,,,,
LAW,Liam Lawson,Racing Bulls,8.0,+0.544s,30.0,10.0,+0.628s,30.0,13.0,+0.992s,27.0,19,1:12.525,0,0,10.0,19.0,1:12.525,NC,53.0,DNF,0.0,20.0,53.0,15:11:02,1:16.320,205.707,oK_R10_canada_2025,2025,10,0,No,,,,,,,,,,,
LEC,Charles Leclerc,Ferrari,10.0,+0.692s,9.0,0.0,0,0.0,2.0,+0.078s,29.0,8,1:12.038,1:11.626,1:11.682,27.0,8.0,1:11.682,5,70.0,+3.442s,10.0,4.0,57.0,15:16:03,1:14.261,211.411,oK_R10_canada_2025,2025,10,10,No,,,,,,,,,,,
NOR,Lando Norris,McLaren,7.0,+0.458s,30.0,2.0,+0.028s,32.0,1.0,1:11.799,24.0,7,1:11.826,1:11.599,1:11.625,22.0,7.0,1:11.625,18,66.0,DNF,0.0,2.0,65.0,15:25:46,1:14.229,211.502,oK_R10_canada_2025,2025,10,0,No,,,,,,,,,,,
OCO,Esteban Ocon,Haas F1 Team,18.0,+1.412s,23.0,17.0,+1.052s,33.0,16.0,+1.028s,22.0,15,1:12.378,1:12.634,0,21.0,14.0,1:12.634,9,69.0,+1 lap,2.0,8.0,62.0,15:22:06,1:14.593,210.47,oK_R10_canada_2025,2025,10,2,No,,,,,,,,,,,
PIA,Oscar Piastri,McLaren,14.0,+1.005s,28.0,6.0,+0.439s,32.0,8.0,+0.720s,18.0,3,1:11.939,1:11.715,1:11.120,23.0,3.0,1:11.120,4,70.0,+2.109s,12.0,3.0,64.0,15:24:32,1:14.255,211.428,oK_R10_canada_2025,2025,10,12,No,,,,,,,,,,,
RUS,George Russell,Mercedes,4.0,+0.342s,29.0,1.0,1:12.123,33.0,3.0,+0.151s,20.0,1,1:12.075,1:11.570,1:10.899,21.0,1.0,1:10.899,1,70.0,1:31:52.688,25.0,1.0,63.0,15:23:12,1:14.119,211.816,oK_R10_canada_2025,2025,10,25,No,,,,,,,,,,,
SAI,Carlos Sainz,Williams,3.0,+0.082s,31.0,7.0,+0.508s,37.0,9.0,+0.720s,22.0,17,1:12.398,0,0,13.0,16.0,1:12.398,10,69.0,+1 lap,1.0,6.0,60.0,15:19:38,1:14.389,211.047,oK_R10_canada_2025,2025,10,1,No,,,,,,,,,,,
STR,Lance Stroll,Aston Martin,15.0,+1.010s,25.0,19.0,0,2.0,14.0,+0.995s,28.0,18,1:12.517,0,0,12.0,17.0,1:12.517,17,69.0,+1 lap,0.0,10.0,58.0,15:17:27,1:14.902,209.601,oK_R10_canada_2025,2025,10,0,No,,,,,,,,,,,
TSU,Yuki Tsunoda,Red Bull Racing,11.0,+0.734s,27.0,15.0,+0.816s,35.0,20.0,+1.774s,14.0,11,1:12.334,1:12.102,0,15.0,18.0,1:12.102,12,69.0,+1 lap,0.0,13.0,60.0,15:19:45,1:15.358,208.333,oK_R10_canada_2025,2025,10,0,No,,,,,,,,,,,
VER,Max Verstappen,Red Bull Racing,1.0,1:13.193,28.0,9.0,+0.543s,31.0,5.0,+0.273s,20.0,2,1:12.054,1:11.638,1:11.059,20.0,2.0,1:11.059,2,70.0,+0.228s,18.0,5.0,62.0,15:22:00,1:14.287,211.337,oK_R10_canada_2025,2025,10,18,No,,,,,,,,,,,
ALB,Alexander Albon,Williams,7.0,+0.404s,35.0,16.0,+1.185s,37.0,14.0,+0.990s,22.0,12.0,1:05.143,1:05.205,0,18.0,12.0,1:05.205,NC,15.0,DNF,0.0,17.0,9.0,15:30:26,1:10.641,220.461,oK_R11_austria_2025,2025,11,0,No,,,,,,,,,,,
ALO,Fernando Alonso,Aston Martin,14.0,+0.628s,32.0,9.0,+0.877s,31.0,12.0,+0.919s,21.0,11.0,1:05.197,1:05.128,0,14.0,11.0,1:05.128,7,69.0,+1 lap,6.0,12.0,39.0,16:06:37,1:09.935,222.686,oK_R11_austria_2025,2025,11,6,No,,,,,,,,,,,
ANT,Kimi Antonelli,Mercedes,11.0,+0.588s,35.0,11.0,+0.957s,35.0,7.0,+0.729s,18.0,9.0,1:05.178,1:05.052,1:05.276,17.0,9.0,1:05.276,NC,0.0,DNF,0.0,0.0,0.0,0,0,0.0,oK_R11_austria_2025,2025,11,0,No,,,,,,,,,,,
BEA,Oliver Bearman,Haas F1 Team,20.0,+1.196s,30.0,18.0,+1.255s,35.0,16.0,+1.042s,21.0,15.0,1:05.218,1:05.312,0,15.0,15.0,1:05.312,11,69.0,+1 lap,0.0,13.0,43.0,16:10:25,1:09.960,222.607,oK_R11_austria_2025,2025,11,0,No,,,,,,,,,,,
BEG,Dino Beganovic,Ferrari,18.0,+0.827s,32.0,0.0,0,0.0,0.0,0,0.0,0.0,0,0,0,0.0,0.0,0,0,0.0,0,0.0,0.0,0.0,0,0,0.0,oK_R11_austria_2025,2025,11,0,No,,,,,,,,,,,
BOR,Gabriel Bortoleto,Kick Sauber,6.0,+0.332s,35.0,8.0,+0.831s,31.0,10.0,+0.858s,18.0,8.0,1:05.123,1:04.846,1:05.132,21.0,8.0,1:05.132,8,69.0,+1 lap,4.0,6.0,60.0,16:31:20,1:09.247,224.899,oK_R11_austria_2025,2025,11,4,No,,,,,,,,,,,
COL,Franco Colapinto,Alpine,16.0,+0.704s,34.0,20.0,+1.596s,34.0,19.0,+1.222s,26.0,14.0,1:05.278,1:05.288,0,15.0,14.0,1:05.288,15,69.0,+1 lap,0.0,10.0,45.0,16:12:57,1:09.621,223.691,oK_R11_austria_2025,2025,11,0,No,,,,,,,,,,,
DUN,Alexander Dunne,McLaren,4.0,+0.224s,29.0,0.0,0,0.0,0.0,0,0.0,0.0,0,0,0,0.0,0.0,0,0,0.0,0,0.0,0.0,0.0,0,0,0.0,oK_R11_austria_2025,2025,11,0,No,,,,,,,,,,,
GAS,Pierre Gasly,Alpine,5.0,+0.238s,34.0,14.0,+1.033s,36.0,17.0,+1.042s,26.0,10.0,1:05.054,1:04.846,1:05.649,21.0,10.0,1:05.649,13,69.0,+1 lap,0.0,15.0,47.0,16:15:10,1:10.151,222.001,oK_R11_austria_2025,2025,11,0,No,,,,,,,,,,,
HAD,Isack Hadjar,Racing Bulls,10.0,+0.568s,33.0,13.0,+0.967s,34.0,20.0,+1.699s,18.0,13.0,1:05.063,1:05.226,0,12.0,13.0,1:05.226,12,69.0,+1 lap,0.0,16.0,40.0,16:07:50,1:10.204,221.833,oK_R11_austria_2025,2025,11,0,No,,,,,,,,,,,
HAM,Lewis Hamilton,Ferrari,9.0,+0.557s,20.0,10.0,+0.931s,34.0,5.0,+0.466s,23.0,4.0,1:05.115,1:04.896,1:04.582,21.0,4.0,1:04.582,4,70.0,+29.020s,12.0,3.0,53.0,16:22:41,1:08.628,226.927,oK_R11_austria_2025,2025,11,12,No,,,,,,,,,,,
HUL,Nico Hulkenberg,Kick Sauber,12.0,+0.598s,32.0,19.0,+1.338s,35.0,13.0,+0.959s,18.0,20.0,1:05.606,0,0,9.0,20.0,1:05.606,9,69.0,+1 lap,2.0,8.0,57.0,16:27:54,1:09.459,224.212,oK_R11_austria_2025,2025,11,2,No,,,,,,,,,,,
LAW,Liam Lawson,Racing Bulls,15.0,+0.647s,34.0,12.0,+0.963s,31.0,11.0,+0.858s,19.0,6.0,1:05.017,1:05.041,1:04.926,17.0,6.0,1:04.926,6,70.0,+67.754s,8.0,14.0,58.0,16:28:52,1:09.977,222.553,oK_R11_austria_2025,2025,11,8,No,,,,,,,,,,,
LEC,Charles Leclerc,Ferrari,0.0,0,0.0,5.0,+0.610s,32.0,4.0,+0.250s,20.0,2.0,1:05.197,1:04.734,1:04.492,21.0,2.0,1:04.492,3,70.0,+19.820s,15.0,4.0,56.0,16:26:00,1:08.765,226.475,oK_R11_austria_2025,2025,11,15,No,,,,,,,,,,,
NOR,Lando Norris,McLaren,0.0,0,0.0,1.0,1:04.580,35.0,1.0,1:04.324,21.0,1.0,1:04.672,1:04.410,1:03.971,18.0,1.0,1:03.971,1,70.0,1:23:47.693,25.0,2.0,61.0,16:31:27,1:08.272,228.111,oK_R11_austria_2025,2025,11,25,No,,,,,,,,,,,
OCO,Esteban Ocon,Haas F1 Team,19.0,+0.968s,32.0,15.0,+1.118s,31.0,18.0,+1.195s,21.0,17.0,1:05.364,0,0,9.0,17.0,1:05.364,10,69.0,+1 lap,1.0,9.0,55.0,16:25:37,1:09.550,223.919,oK_R11_austria_2025,2025,11,1,No,,,,,,,,,,,
PIA,Oscar Piastri,McLaren,3.0,+0.155s,33.0,2.0,+0.157s,35.0,2.0,+0.118s,20.0,3.0,1:04.966,1:04.556,1:04.554,19.0,3.0,1:04.554,2,70.0,+2.695s,18.0,1.0,59.0,16:29:12,1:07.924,229.279,oK_R11_austria_2025,2025,11,18,No,,,,,,,,,,,
RUS,George Russell,Mercedes,1.0,1:05.542,34.0,6.0,+0.649s,34.0,6.0,+0.694s,18.0,5.0,1:05.189,1:04.860,1:04.763,18.0,5.0,1:04.763,5,70.0,+62.396s,10.0,7.0,47.0,16:16:01,1:09.372,224.494,oK_R11_austria_2025,2025,11,10,No,,,,,,,,,,,
SAI,Carlos Sainz,Williams,8.0,+0.475s,33.0,17.0,+1.234s,37.0,15.0,+1.002s,21.0,19.0,1:05.582,0,0,12.0,19.0,1:05.582,NC,0.0,DNS,0.0,0.0,0.0,0,0,0.0,oK_R11_austria_2025,2025,11,0,No,,,,,,,,,,,
STR,Lance Stroll,Aston Martin,13.0,+0.618s,32.0,4.0,+0.442s,32.0,8.0,+0.738s,20.0,16.0,1:05.329,0,0,9.0,16.0,1:05.329,14,69.0,+1 lap,0.0,5.0,56.0,16:26:05,1:09.214,225.006,oK_R11_austria_2025,2025,11,0,No,,,,,,,,,,,
TSU,Yuki Tsunoda,Red Bull Racing,17.0,+0.720s,30.0,7.0,+0.712s,31.0,9.0,+0.815s,17.0,18.0,1:05.369,0,0,6.0,18.0,1:05.369,16,68.0,+2 laps,0.0,11.0,63.0,16:34:45,1:09.802,223.111,oK_R11_austria_2025,2025,11,0,No,,,,,,,,,,,
VER,Max Verstappen,Red Bull Racing,2.0,+0.065s,30.0,3.0,+0.318s,24.0,3.0,+0.210s,28.0,7.0,1:05.106,1:04.836,1:04.929,18.0,7.0,1:04.929,NC,0.0,DNF,0.0,0.0,0.0,0,0,0.0,oK_R11_austria_2025,2025,11,0,No,,,,,,,,,,,
ALB,Alexander Albon,Williams,7.0,+0.412s,30.0,11.0,+1.024s,30.0,7.0,+0.621s,15.0,14.0,1:26.093,1:25.889,0,13.0,13.0,1:25.889,8,52.0,+64.135s,4.0,4.0,50.0,16:39:08,1:30.047,235.517,oK_R12_great-britain_2025,2025,12,4,No,,,,,,,,,,,
ALO,Fernando Alonso,Aston Martin,11.0,+0.786s,24.0,12.0,+1.060s,24.0,17.0,+1.396s,16.0,9.0,1:26.108,1:25.593,1:25.621,15.0,7.0,1:25.621,9,52.0,+65.858s,2.0,6.0,49.0,16:37:36,1:30.353,234.719,oK_R12_great-britain_2025,2025,12,2,No,,,,,,,,,,,
ANT,Kimi Antonelli,Mercedes,9.0,+0.475s,25.0,6.0,+0.567s,28.0,14.0,+0.924s,12.0,7.0,1:26.265,1:25.620,1:25.374,18.0,10.0,1:25.374,NC,23.0,DNF,0.0,17.0,8.0,15:20:21,1:45.576,200.875,oK_R12_great-britain_2025,2025,12,0,No,,,,,,,,,,,
ARO,Paul Aron,Kick Sauber,17.0,+1.250s,25.0,0.0,0,0.0,0.0,0,0.0,0.0,0,0,0,0.0,0.0,0,0,0.0,0,0.0,0.0,0.0,0,0,0.0,oK_R12_great-britain_2025,2025,12,0,No,,,,,,,,,,,
BEA,Oliver Bearman,Haas F1 Team,18.0,+1.255s,24.0,19.0,+1.410s,27.0,6.0,+0.614s,13.0,8.0,1:26.005,1:25.534,1:25.471,18.0,18.0,1:25.471,11,52.0,+72.095s,0.0,13.0,50.0,16:39:13,1:30.921,233.253,oK_R12_great-britain_2025,2025,12,0,No,,,,,,,,,,,
BOR,Gabriel Bortoleto,Kick Sauber,20.0,+1.505s,23.0,13.0,+1.088s,27.0,16.0,+1.003s,15.0,17.0,1:26.446,0,0,9.0,16.0,1:26.446,NC,3.0,DNF,0.0,18.0,3.0,15:10:38,2:16.121,155.799,oK_R12_great-britain_2025,2025,12,0,No,,,,,,,,,,,
COL,Franco Colapinto,Alpine,16.0,+1.194s,27.0,20.0,+1.473s,29.0,18.0,+2.099s,14.0,20.0,1:27.060,0,0,6.0,20.0,1:27.060,NC,0.0,DNS,0.0,0.0,0.0,0,0,0.0,oK_R12_great-britain_2025,2025,12,0,No,,,,,,,,,,,
GAS,Pierre Gasly,Alpine,19.0,+1.440s,23.0,18.0,+1.358s,24.0,20.0,+2.380s,16.0,10.0,1:26.328,1:25.711,1:25.785,21.0,8.0,1:25.785,6,52.0,+59.857s,8.0,8.0,48.0,16:36:00,1:30.751,233.689,oK_R12_great-britain_2025,2025,12,8,No,,,,,,,,,,,
HAD,Isack Hadjar,Racing Bulls,6.0,+0.325s,28.0,9.0,+0.708s,27.0,9.0,+0.631s,14.0,13.0,1:26.177,1:25.864,0,12.0,12.0,1:25.864,NC,17.0,DNF,0.0,16.0,9.0,15:22:05,1:41.705,208.52,oK_R12_great-britain_2025,2025,12,0,No,,,,,,,,,,,
HAM,Lewis Hamilton,Ferrari,1.0,1:26.892,26.0,3.0,+0.301s,29.0,11.0,+0.834s,17.0,5.0,1:26.296,1:25.084,1:25.095,19.0,5.0,1:25.095,4,52.0,+39.812s,12.0,3.0,49.0,16:37:12,1:30.016,235.598,oK_R12_great-britain_2025,2025,12,12,No,,,,,,,,,,,
HUL,Nico Hulkenberg,Kick Sauber,0.0,0,0.0,17.0,+1.349s,29.0,15.0,+1.001s,19.0,19.0,1:26.574,0,0,9.0,19.0,1:26.574,3,52.0,+34.742s,15.0,14.0,51.0,16:40:08,1:30.933,233.222,oK_R12_great-britain_2025,2025,12,15,No,,,,,,,,,,,
LAW,Liam Lawson,Racing Bulls,8.0,+0.459s,27.0,10.0,+0.808s,28.0,10.0,+0.758s,14.0,16.0,1:26.440,0,0,6.0,15.0,1:26.440,NC,0.0,DNF,0.0,0.0,0.0,0,0,0.0,oK_R12_great-britain_2025,2025,12,0,No,,,,,,,,,,,
LEC,Charles Leclerc,Ferrari,4.0,+0.203s,26.0,2.0,+0.222s,29.0,1.0,1:25.498,14.0,6.0,1:26.186,1:25.133,1:25.121,21.0,6.0,1:25.121,14,52.0,+84.477s,0.0,10.0,50.0,16:39:26,1:30.819,233.515,oK_R12_great-britain_2025,2025,12,0,No,,,,,,,,,,,
LIN,Arvid Lindblad,Red Bull Racing,14.0,+1.066s,22.0,0.0,0,0.0,0.0,0,0.0,0.0,0,0,0,0.0,0.0,0,0,0.0,0,0.0,0.0,0.0,0,0,0.0,oK_R12_great-britain_2025,2025,12,0,No,,,,,,,,,,,
NOR,Lando Norris,McLaren,2.0,+0.023s,26.0,1.0,1:25.816,26.0,4.0,+0.108s,17.0,3.0,1:26.123,1:25.231,1:25.010,20.0,3.0,1:25.010,1,52.0,1:37:15.735,25.0,2.0,48.0,16:35:04,1:29.734,236.338,oK_R12_great-britain_2025,2025,12,25,No,,,,,,,,,,,
OCO,Esteban Ocon,Haas F1 Team,15.0,+1.165s,23.0,14.0,+1.125s,26.0,13.0,+0.879s,12.0,15.0,1:26.136,1:25.950,0,12.0,14.0,1:25.950,13,52.0,+77.301s,0.0,9.0,52.0,16:42:22,1:30.818,233.517,oK_R12_great-britain_2025,2025,12,0,No,,,,,,,,,,,
PIA,Oscar Piastri,McLaren,3.0,+0.150s,28.0,4.0,+0.470s,27.0,2.0,+0.068s,14.0,2.0,1:25.963,1:25.316,1:24.995,21.0,2.0,1:24.995,2,52.0,+6.812s,18.0,1.0,51.0,16:39:39,1:29.337,237.388,oK_R12_great-britain_2025,2025,12,18,No,,,,,,,,,,,
RUS,George Russell,Mercedes,5.0,+0.271s,25.0,8.0,+0.707s,27.0,8.0,+0.627s,13.0,4.0,1:26.236,1:25.637,1:25.029,19.0,4.0,1:25.029,10,52.0,+70.674s,1.0,11.0,51.0,16:40:44,1:30.869,233.386,oK_R12_great-britain_2025,2025,12,1,No,,,,,,,,,,,
SAI,Carlos Sainz,Williams,13.0,+1.017s,26.0,16.0,+1.343s,27.0,12.0,+0.834s,16.0,11.0,1:26.175,1:25.746,0,12.0,9.0,1:25.746,12,52.0,+76.592s,0.0,7.0,52.0,16:42:21,1:30.645,233.963,oK_R12_great-britain_2025,2025,12,0,No,,,,,,,,,,,
STR,Lance Stroll,Aston Martin,12.0,+0.952s,22.0,7.0,+0.614s,24.0,19.0,+2.102s,14.0,18.0,1:26.504,0,0,9.0,17.0,1:26.504,7,52.0,+60.603s,6.0,15.0,50.0,16:38:59,1:32.088,230.297,oK_R12_great-britain_2025,2025,12,6,No,,,,,,,,,,,
TSU,Yuki Tsunoda,Red Bull Racing,0.0,0,0.0,15.0,+1.164s,25.0,5.0,+0.606s,13.0,12.0,1:26.275,1:25.826,0,13.0,11.0,1:25.826,15,51.0,+1 lap,0.0,12.0,50.0,16:38:34,1:30.873,233.376,oK_R12_great-britain_2025,2025,12,0,No,,,,,,,,,,,
VER,Max Verstappen,Red Bull Racing,10.0,+0.540s,26.0,5.0,+0.498s,23.0,3.0,+0.087s,14.0,1.0,1:25.886,1:25.316,1:24.892,18.0,1.0,1:24.892,5,52.0,+56.781s,10.0,5.0,49.0,16:37:29,1:30.179,235.172,oK_R12_great-britain_2025,2025,12,10,No,,,,,,,,,,,
ALB,Alexander Albon,Williams,12.0,+1.239s,24.0,,,,,,,5,1:41.772,1:41.505,1:41.201,20.0,5.0,1:41.201,6,44.0,+39.926s,8.0,15.0,38.0,17:35:20,1:46.813,236.061,oK_R13_belgium_2025,2025,13,8,Yes,16,15.0,+30.941s,0.0,16.0,1:43.212,16,1:43.212,0,0,6.0
ALO,Fernando Alonso,Aston Martin,9.0,+1.098s,22.0,,,,,,,19,1:42.385,0,0,8.0,20.0,1:42.385,17,44.0,+87.924s,0.0,5.0,32.0,17:25:24,1:45.849,238.211,oK_R13_belgium_2025,2025,13,0,Yes,14,15.0,+29.046s,0.0,14.0,1:42.453,14,1:42.427,1:42.453,0,7.0
ANT,Kimi Antonelli,Mercedes,6.0,+0.957s,23.0,,,,,,,18,1:42.139,0,0,6.0,19.0,1:42.139,16,44.0,+86.721s,0.0,1.0,32.0,17:25:22,1:44.861,240.455,oK_R13_belgium_2025,2025,13,0,Yes,17,15.0,+31.981s,0.0,19.0,1:45.394,20,1:45.394,0,0,6.0
BEA,Oliver Bearman,Haas F1 Team,20.0,+3.055s,22.0,,,,,,,12,1:41.617,1:41.617,0,13.0,12.0,1:41.617,11,44.0,+73.145s,0.0,13.0,43.0,17:44:48,1:46.709,236.291,oK_R13_belgium_2025,2025,13,2,Yes,7,15.0,+18.610s,2.0,7.0,1:41.857,7,1:43.024,1:42.019,1:41.857,12.0
BOR,Gabriel Bortoleto,Kick Sauber,13.0,+1.240s,25.0,,,,,,,10,1:41.908,1:41.336,1:42.387,18.0,10.0,1:42.387,9,44.0,+56.434s,2.0,16.0,41.0,17:40:57,1:46.966,235.723,oK_R13_belgium_2025,2025,13,2,Yes,9,15.0,+22.183s,0.0,10.0,1:42.176,10,1:42.806,1:41.901,1:42.176,12.0
COL,Franco Colapinto,Alpine,19.0,+2.825s,21.0,,,,,,,17,1:42.022,0,0,8.0,15.0,1:42.022,19,44.0,+95.250s,0.0,8.0,30.0,17:22:00,1:46.104,237.638,oK_R13_belgium_2025,2025,13,0,Yes,19,15.0,+38.072s,0.0,20.0,1:43.587,19,1:43.587,0,0,6.0
GAS,Pierre Gasly,Alpine,17.0,+1.907s,21.0,,,,,,,13,1:41.800,1:41.633,0,14.0,13.0,1:41.633,10,44.0,+72.714s,1.0,17.0,42.0,17:43:00,1:47.177,235.259,oK_R13_belgium_2025,2025,13,1,Yes,NC,12.0,DNF,0.0,8.0,1:41.959,8,1:43.171,1:41.949,1:41.959,12.0
HAD,Isack Hadjar,Racing Bulls,10.0,+1.100s,19.0,,,,,,,8,1:41.572,1:41.281,1:41.310,19.0,8.0,1:41.310,20,43.0,+1 lap,0.0,20.0,44.0,17:45:35,1:47.667,234.188,oK_R13_belgium_2025,2025,13,1,Yes,8,15.0,+19.119s,1.0,9.0,1:41.971,9,1:42.711,1:42.088,1:41.971,11.0
HAM,Lewis Hamilton,Ferrari,7.0,+1.063s,24.0,,,,,,,16,1:41.939,0,0,8.0,18.0,1:41.939,7,44.0,+40.679s,6.0,10.0,43.0,17:44:16,1:46.534,236.679,oK_R13_belgium_2025,2025,13,6,Yes,15,15.0,+30.175s,0.0,18.0,1:43.408,18,1:43.408,0,0,6.0
HUL,Nico Hulkenberg,Kick Sauber,14.0,+1.448s,20.0,,,,,,,14,1:41.844,1:41.707,0,14.0,14.0,1:41.707,12,44.0,+73.628s,0.0,2.0,39.0,17:37:43,1:45.068,239.981,oK_R13_belgium_2025,2025,13,0,Yes,18,15.0,+32.867s,0.0,17.0,1:43.217,17,1:43.217,0,0,6.0
LAW,Liam Lawson,Racing Bulls,15.0,+1.456s,21.0,,,,,,,9,1:41.748,1:41.297,1:41.328,20.0,9.0,1:41.328,8,44.0,+52.033s,4.0,12.0,38.0,17:35:32,1:46.649,236.424,oK_R13_belgium_2025,2025,13,4,Yes,10,15.0,+22.897s,0.0,11.0,1:42.169,11,1:42.897,1:42.169,0,9.0
LEC,Charles Leclerc,Ferrari,5.0,+0.906s,22.0,,,,,,,3,1:41.635,1:41.084,1:40.900,18.0,3.0,1:40.900,3,44.0,+20.185s,15.0,9.0,40.0,17:38:36,1:46.174,237.481,oK_R13_belgium_2025,2025,13,20,Yes,4,15.0,+10.176s,5.0,4.0,1:41.278,4,1:42.763,1:41.786,1:41.278,12.0
NOR,Lando Norris,McLaren,3.0,+0.504s,22.0,,,,,,,1,1:41.010,1:40.715,1:40.562,20.0,1.0,1:40.562,2,44.0,+3.415s,18.0,3.0,42.0,17:41:52,1:45.257,239.55,oK_R13_belgium_2025,2025,13,24,Yes,3,15.0,+1.414s,6.0,3.0,1:41.128,3,1:42.068,1:41.412,1:41.128,12.0
OCO,Esteban Ocon,Haas F1 Team,16.0,+1.548s,22.0,,,,,,,11,1:41.884,1:41.525,0,14.0,11.0,1:41.525,15,44.0,+86.063s,0.0,14.0,44.0,17:46:48,1:46.744,236.213,oK_R13_belgium_2025,2025,13,4,Yes,5,15.0,+13.789s,4.0,5.0,1:41.565,5,1:42.822,1:41.801,1:41.565,12.0
PIA,Oscar Piastri,McLaren,1.0,1:42.022,23.0,,,,,,,2,1:41.201,1:40.626,1:40.647,21.0,2.0,1:40.647,1,44.0,1:25:22.601,25.0,4.0,43.0,17:43:34,1:45.706,238.533,oK_R13_belgium_2025,2025,13,32,Yes,2,15.0,+0.753s,7.0,1.0,1:40.510,1,1:41.769,1:42.128,1:40.510,11.0
RUS,George Russell,Mercedes,4.0,+0.576s,27.0,,,,,,,6,1:41.784,1:41.254,1:41.260,18.0,6.0,1:41.260,5,44.0,+34.863s,10.0,11.0,43.0,17:44:10,1:46.566,236.608,oK_R13_belgium_2025,2025,13,10,Yes,12,15.0,+25.969s,0.0,13.0,1:42.330,13,1:42.650,1:42.330,0,8.0
SAI,Carlos Sainz,Williams,11.0,+1.195s,16.0,,,,,,,15,1:41.691,1:41.758,0,13.0,17.0,1:41.758,18,44.0,+92.024s,0.0,6.0,30.0,17:21:58,1:46.073,237.707,oK_R13_belgium_2025,2025,13,3,Yes,6,15.0,+14.964s,3.0,6.0,1:41.761,6,1:42.776,1:42.051,1:41.761,11.0
STR,Lance Stroll,Aston Martin,8.0,+1.090s,17.0,,,,,,,20,1:42.502,0,0,8.0,16.0,1:42.502,14,44.0,+79.831s,0.0,18.0,38.0,17:35:57,1:47.212,235.182,oK_R13_belgium_2025,2025,13,0,Yes,13,15.0,+26.595s,0.0,15.0,1:42.832,15,1:42.736,1:42.832,0,8.0
TSU,Yuki Tsunoda,Red Bull Racing,18.0,+2.470s,23.0,,,,,,,7,1:41.840,1:41.245,1:41.284,17.0,7.0,1:41.284,13,44.0,+75.395s,0.0,19.0,42.0,17:43:01,1:47.241,235.119,oK_R13_belgium_2025,2025,13,0,Yes,11,15.0,+24.551s,0.0,12.0,1:42.184,12,1:42.912,1:42.184,0,9.0
VER,Max Verstappen,Red Bull Racing,2.0,+0.404s,23.0,,,,,,,4,1:41.334,1:40.951,1:40.903,15.0,4.0,1:40.903,4,44.0,+21.731s,12.0,7.0,40.0,17:38:37,1:46.096,237.656,oK_R13_belgium_2025,2025,13,20,Yes,1,15.0,26:37.997,8.0,2.0,1:40.987,2,1:42.043,1:41.583,1:40.987,9.0
ALB,Alexander Albon,Williams,11.0,+0.932s,28.0,18.0,+1.397s,30.0,16.0,+1.614s,20.0,20.0,1:16.223,0,0,9.0,19.0,1:16.223,15,69.0,+1 lap,0.0,14.0,50.0,16:11:42,1:20.779,195.243,oK_R14_hungary_2025,2025,14,0,No,,,,,,,,,,,
ALO,Fernando Alonso,Aston Martin,0.0,0,0.0,5.0,+0.609s,25.0,6.0,+0.878s,18.0,5.0,1:15.281,1:15.395,1:15.481,15.0,5.0,1:15.481,5,70.0,+59.040s,10.0,8.0,54.0,16:17:54,1:20.113,196.866,oK_R14_hungary_2025,2025,14,10,No,,,,,,,,,,,
ANT,Kimi Antonelli,Mercedes,7.0,+0.828s,26.0,10.0,+0.896s,26.0,5.0,+0.829s,18.0,15.0,1:15.782,1:16.386,0,9.0,15.0,1:16.386,10,69.0,+1 lap,1.0,13.0,54.0,16:18:10,1:20.745,195.326,oK_R14_hungary_2025,2025,14,1,No,,,,,,,,,,,
ARO,Paul Aron,Kick Sauber,20.0,+3.736s,9.0,0.0,0,0.0,0.0,0,0.0,0.0,0,0,0,0.0,0.0,0,0,0.0,0,0.0,0.0,0.0,0,0,0.0,oK_R14_hungary_2025,2025,14,0,No,,,,,,,,,,,
BEA,Oliver Bearman,Haas F1 Team,6.0,+0.826s,26.0,11.0,+0.943s,27.0,11.0,+1.211s,17.0,11.0,1:15.750,1:15.694,0,12.0,11.0,1:15.694,NC,48.0,DNF,0.0,20.0,37.0,15:55:06,1:21.989,192.362,oK_R14_hungary_2025,2025,14,0,No,,,,,,,,,,,
BOR,Gabriel Bortoleto,Kick Sauber,19.0,+1.600s,17.0,17.0,+1.322s,29.0,9.0,+1.062s,19.0,7.0,1:15.586,1:15.687,1:15.725,18.0,7.0,1:15.725,6,70.0,+66.169s,8.0,11.0,48.0,16:09:52,1:20.705,195.422,oK_R14_hungary_2025,2025,14,8,No,,,,,,,,,,,
COL,Franco Colapinto,Alpine,18.0,+1.412s,29.0,20.0,+1.535s,29.0,13.0,+1.331s,21.0,14.0,1:15.875,1:16.159,0,12.0,14.0,1:16.159,18,69.0,+1 lap,0.0,16.0,38.0,15:55:24,1:20.827,195.127,oK_R14_hungary_2025,2025,14,0,No,,,,,,,,,,,
DRU,Felipe Drugovich,Aston Martin,16.0,+1.217s,26.0,0.0,0,0.0,0.0,0,0.0,0.0,0,0,0,0.0,0.0,0,0,0.0,0,0.0,0.0,0.0,0,0,0.0,oK_R14_hungary_2025,2025,14,0,No,,,,,,,,,,,
GAS,Pierre Gasly,Alpine,13.0,+1.071s,27.0,19.0,+1.419s,25.0,18.0,+1.654s,22.0,17.0,1:15.966,0,0,6.0,16.0,1:15.966,19,69.0,+1 lap,0.0,18.0,46.0,16:07:29,1:21.433,193.675,oK_R14_hungary_2025,2025,14,0,No,,,,,,,,,,,
HAD,Isack Hadjar,Racing Bulls,4.0,+0.629s,31.0,8.0,+0.803s,30.0,20.0,+2.040s,18.0,10.0,1:15.516,1:15.469,1:15.915,15.0,10.0,1:15.915,11,69.0,+1 lap,0.0,15.0,48.0,16:10:06,1:20.802,195.188,oK_R14_hungary_2025,2025,14,0,No,,,,,,,,,,,
HAM,Lewis Hamilton,Ferrari,5.0,+0.682s,28.0,6.0,+0.705s,28.0,4.0,+0.768s,18.0,12.0,1:15.733,1:15.702,0,12.0,12.0,1:15.702,12,69.0,+1 lap,0.0,7.0,55.0,16:19:36,1:20.022,197.09,oK_R14_hungary_2025,2025,14,0,No,,,,,,,,,,,
HUL,Nico Hulkenberg,Kick Sauber,0.0,0,0.0,12.0,+1.056s,31.0,10.0,+1.109s,21.0,19.0,1:16.081,0,0,6.0,18.0,1:16.081,13,69.0,+1 lap,0.0,6.0,68.0,16:36:16,1:20.013,197.112,oK_R14_hungary_2025,2025,14,0,No,,,,,,,,,,,
LAW,Liam Lawson,Racing Bulls,14.0,+1.132s,29.0,15.0,+1.188s,29.0,14.0,+1.455s,21.0,9.0,1:15.849,1:15.630,1:15.821,18.0,9.0,1:15.821,8,70.0,+69.451s,4.0,10.0,56.0,16:20:43,1:20.457,196.025,oK_R14_hungary_2025,2025,14,4,No,,,,,,,,,,,
LEC,Charles Leclerc,Ferrari,3.0,+0.217s,28.0,3.0,+0.399s,28.0,3.0,+0.399s,17.0,1.0,1:15.582,1:15.455,1:15.372,18.0,1.0,1:15.372,4,70.0,+42.560s,12.0,9.0,47.0,16:07:44,1:20.440,196.066,oK_R14_hungary_2025,2025,14,12,No,,,,,,,,,,,
NOR,Lando Norris,McLaren,1.0,1:16.052,26.0,1.0,1:15.624,27.0,2.0,+0.032s,20.0,3.0,1:15.523,1:14.890,1:15.413,18.0,3.0,1:15.413,1,70.0,1:35:21.231,25.0,5.0,57.0,16:21:01,1:19.918,197.347,oK_R14_hungary_2025,2025,14,25,No,,,,,,,,,,,
OCO,Esteban Ocon,Haas F1 Team,12.0,+0.952s,26.0,13.0,+1.080s,29.0,17.0,+1.615s,18.0,18.0,1:16.023,0,0,6.0,17.0,1:16.023,16,69.0,+1 lap,0.0,19.0,17.0,15:27:20,1:21.916,192.533,oK_R14_hungary_2025,2025,14,0,No,,,,,,,,,,,
PIA,Oscar Piastri,McLaren,2.0,+0.019s,30.0,2.0,+0.291s,30.0,1.0,1:14.916,17.0,2.0,1:15.211,1:14.941,1:15.398,18.0,2.0,1:15.398,2,70.0,+0.698s,18.0,2.0,56.0,16:19:46,1:19.412,198.604,oK_R14_hungary_2025,2025,14,18,No,,,,,,,,,,,
RUS,George Russell,Mercedes,8.0,+0.873s,26.0,7.0,+0.793s,27.0,8.0,+0.924s,17.0,4.0,1:15.627,1:15.201,1:15.425,15.0,4.0,1:15.425,3,70.0,+21.916s,15.0,1.0,45.0,16:05:15,1:19.409,198.612,oK_R14_hungary_2025,2025,14,15,No,,,,,,,,,,,
SAI,Carlos Sainz,Williams,15.0,+1.143s,31.0,16.0,+1.250s,32.0,15.0,+1.526s,19.0,13.0,1:15.652,1:15.781,0,15.0,13.0,1:15.781,14,69.0,+1 lap,0.0,4.0,54.0,16:17:18,1:19.790,197.663,oK_R14_hungary_2025,2025,14,0,No,,,,,,,,,,,
STR,Lance Stroll,Aston Martin,10.0,+0.906s,25.0,4.0,+0.495s,28.0,7.0,+0.912s,21.0,6.0,1:15.673,1:15.129,1:15.498,18.0,6.0,1:15.498,7,70.0,+68.174s,6.0,12.0,55.0,16:19:21,1:20.708,195.415,oK_R14_hungary_2025,2025,14,6,No,,,,,,,,,,,
TSU,Yuki Tsunoda,Red Bull Racing,17.0,+1.341s,27.0,9.0,+0.861s,30.0,19.0,+1.962s,19.0,16.0,1:15.899,0,0,6.0,20.0,1:15.899,17,69.0,+1 lap,0.0,17.0,47.0,16:07:40,1:21.180,194.279,oK_R14_hungary_2025,2025,14,0,No,,,,,,,,,,,
VER,Max Verstappen,Red Bull Racing,9.0,+0.888s,25.0,14.0,+1.167s,25.0,12.0,+1.246s,19.0,8.0,1:15.736,1:15.547,1:15.728,18.0,8.0,1:15.728,9,70.0,+72.645s,2.0,3.0,50.0,16:12:43,1:19.576,198.195,oK_R14_hungary_2025,2025,14,2,No,,,,,,,,,,,
ALB,Alexander Albon,Williams,5.0,+0.893s,33.0,17.0,+1.866s,16.0,7.0,+1.127s,22.0,15,1:09.792,1:09.652,0,12.0,15.0,1:09.652,5,72.0,+6.327s,10.0,7.0,70.0,16:39:29,1:13.687,208.074,oK_R15_netherlands_2025,2025,15,10,No,,,,,,,,,,,
ALO,Fernando Alonso,Aston Martin,4.0,+0.563s,25.0,2.0,+0.087s,20.0,10.0,+1.260s,20.0,10,1:09.950,1:09.366,1:09.630,17.0,10.0,1:09.630,8,72.0,+11.709s,4.0,8.0,42.0,15:59:39,1:13.719,207.984,oK_R15_netherlands_2025,2025,15,4,No,,,,,,,,,,,
ANT,Kimi Antonelli,Mercedes,20.0,+3.997s,6.0,12.0,+1.295s,21.0,17.0,+1.725s,31.0,11,1:09.845,1:09.493,0,12.0,11.0,1:09.493,16,72.0,+22.029s,0.0,6.0,70.0,16:39:29,1:13.480,208.66,oK_R15_netherlands_2025,2025,15,0,No,,,,,,,,,,,
BEA,Oliver Bearman,Haas F1 Team,19.0,+2.286s,30.0,11.0,+1.223s,26.0,15.0,+1.623s,19.0,19,1:10.262,0,0,9.0,20.0,1:10.262,6,72.0,+9.044s,8.0,13.0,70.0,16:39:31,1:13.950,207.334,oK_R15_netherlands_2025,2025,15,8,No,,,,,,,,,,,
BOR,Gabriel Bortoleto,Kick Sauber,9.0,+1.231s,30.0,13.0,+1.430s,25.0,13.0,+1.389s,21.0,13,1:10.037,1:09.622,0,12.0,13.0,1:09.622,15,72.0,+21.565s,0.0,15.0,63.0,16:28:57,1:14.307,206.338,oK_R15_netherlands_2025,2025,15,0,No,,,,,,,,,,,
COL,Franco Colapinto,Alpine,18.0,+1.998s,27.0,9.0,+1.067s,26.0,20.0,+2.082s,21.0,16,1:10.104,0,0,9.0,16.0,1:10.104,11,72.0,+14.511s,0.0,4.0,72.0,16:42:05,1:13.049,209.891,oK_R15_netherlands_2025,2025,15,0,No,,,,,,,,,,,
GAS,Pierre Gasly,Alpine,10.0,+1.335s,30.0,19.0,+2.232s,28.0,19.0,+1.991s,24.0,14,1:09.894,1:09.637,0,15.0,14.0,1:09.637,17,72.0,+23.629s,0.0,19.0,59.0,16:23:33,1:15.248,203.758,oK_R15_netherlands_2025,2025,15,0,No,,,,,,,,,,,
HAD,Isack Hadjar,Racing Bulls,12.0,+1.494s,30.0,20.0,0,1.0,9.0,+1.194s,21.0,4,1:09.966,1:09.439,1:09.208,18.0,4.0,1:09.208,3,72.0,+3.233s,15.0,5.0,70.0,16:39:27,1:13.327,209.096,oK_R15_netherlands_2025,2025,15,15,No,,,,,,,,,,,
HAM,Lewis Hamilton,Ferrari,15.0,+1.682s,28.0,6.0,+0.848s,22.0,14.0,+1.401s,20.0,7,1:09.900,1:09.261,1:09.390,21.0,7.0,1:09.390,NC,22.0,DNF,0.0,20.0,6.0,15:11:05,1:15.684,202.584,oK_R15_netherlands_2025,2025,15,0,No,,,,,,,,,,,
HUL,Nico Hulkenberg,Kick Sauber,13.0,+1.597s,30.0,10.0,+1.190s,25.0,16.0,+1.627s,24.0,17,1:10.195,0,0,9.0,17.0,1:10.195,14,72.0,+19.725s,0.0,18.0,61.0,16:26:08,1:14.912,204.672,oK_R15_netherlands_2025,2025,15,0,No,,,,,,,,,,,
LAW,Liam Lawson,Racing Bulls,11.0,+1.475s,29.0,14.0,+1.449s,25.0,11.0,+1.328s,17.0,8,1:09.779,1:09.383,1:09.500,18.0,8.0,1:09.500,12,72.0,+17.063s,0.0,12.0,60.0,16:25:11,1:13.879,207.533,oK_R15_netherlands_2025,2025,15,0,No,,,,,,,,,,,
LEC,Charles Leclerc,Ferrari,14.0,+1.673s,32.0,8.0,+0.944s,23.0,6.0,+0.966s,23.0,6,1:09.906,1:09.304,1:09.340,22.0,6.0,1:09.340,NC,52.0,DNF,0.0,17.0,33.0,15:47:48,1:14.557,205.646,oK_R15_netherlands_2025,2025,15,0,No,,,,,,,,,,,
NOR,Lando Norris,McLaren,1.0,1:10.278,35.0,1.0,1:09.890,28.0,1.0,1:08.972,16.0,2,1:09.469,1:08.874,1:08.674,18.0,2.0,1:08.674,18,64.0,DNF,0.0,2.0,59.0,16:23:25,1:12.379,211.834,oK_R15_netherlands_2025,2025,15,0,No,,,,,,,,,,,
OCO,Esteban Ocon,Haas F1 Team,17.0,+1.866s,29.0,15.0,+1.471s,23.0,18.0,+1.829s,18.0,18,1:10.197,0,0,9.0,18.0,1:10.197,10,72.0,+14.063s,1.0,14.0,71.0,16:40:49,1:13.986,207.233,oK_R15_netherlands_2025,2025,15,1,No,,,,,,,,,,,
PIA,Oscar Piastri,McLaren,2.0,+0.292s,32.0,3.0,+0.089s,29.0,2.0,+0.242s,15.0,1,1:09.338,1:08.964,1:08.662,18.0,1.0,1:08.662,1,72.0,1:38:29.849,25.0,1.0,60.0,16:24:36,1:12.271,212.151,oK_R15_netherlands_2025,2025,15,25,No,,,,,,,,,,,
RUS,George Russell,Mercedes,7.0,+1.108s,29.0,4.0,+0.384s,25.0,3.0,+0.886s,17.0,5,1:09.676,1:09.313,1:09.255,18.0,5.0,1:09.255,4,72.0,+5.654s,12.0,9.0,70.0,16:39:28,1:13.728,207.958,oK_R15_netherlands_2025,2025,15,12,No,,,,,,,,,,,
SAI,Carlos Sainz,Williams,8.0,+1.180s,33.0,16.0,+1.792s,30.0,4.0,+0.941s,23.0,9,1:09.980,1:09.472,1:09.505,18.0,9.0,1:09.505,13,72.0,+17.376s,0.0,10.0,58.0,16:22:44,1:13.808,207.733,oK_R15_netherlands_2025,2025,15,0,No,,,,,,,,,,,
STR,Lance Stroll,Aston Martin,3.0,+0.501s,25.0,18.0,+2.085s,7.0,8.0,+1.131s,24.0,NC,DNF,0,0,2.0,19.0,0,7,72.0,+9.497s,6.0,11.0,70.0,16:39:31,1:13.822,207.694,oK_R15_netherlands_2025,2025,15,6,No,,,,,,,,,,,
TSU,Yuki Tsunoda,Red Bull Racing,16.0,+1.848s,24.0,7.0,+0.905s,26.0,12.0,+1.377s,19.0,12,1:09.954,1:09.622,0,15.0,12.0,1:09.622,9,72.0,+13.597s,2.0,16.0,71.0,16:40:49,1:14.354,206.208,oK_R15_netherlands_2025,2025,15,2,No,,,,,,,,,,,
VER,Max Verstappen,Red Bull Racing,6.0,+0.940s,24.0,5.0,+0.588s,23.0,5.0,+0.953s,20.0,3,1:09.696,1:09.122,1:08.925,18.0,3.0,1:08.925,2,72.0,+1.271s,18.0,3.0,70.0,16:39:25,1:12.921,210.26,oK_R15_netherlands_2025,2025,15,18,No,,,,,,,,,,,
ALB,Alexander Albon,Williams,7.0,+0.956s,25.0,7.0,+0.301s,28.0,10.0,+0.389s,23.0,14.0,1:19.837,1:19.583,0,16.0,14.0,1:19.583,7,53.0,+50.537s,6.0,5.0,53.0,16:17:49,1:21.368,256.302,oK_R16_italy_2025,2025,16,6,No,,,,,,,,,,,
ALO,Fernando Alonso,Aston Martin,9.0,+0.997s,20.0,15.0,+0.767s,26.0,12.0,+0.530s,19.0,9.0,1:19.658,1:19.362,1:19.424,20.0,8.0,1:19.424,NC,24.0,DNF,0.0,19.0,23.0,15:36:28,1:23.757,248.991,oK_R16_italy_2025,2025,16,0,No,,,,,,,,,,,
ANT,Kimi Antonelli,Mercedes,5.0,+0.823s,25.0,19.0,+1.489s,4.0,9.0,+0.365s,24.0,7.0,1:19.747,1:19.245,1:19.200,22.0,6.0,1:19.200,9,53.0,+59.762s,2.0,10.0,53.0,16:17:53,1:21.968,254.426,oK_R16_italy_2025,2025,16,2,No,,,,,,,,,,,
ARO,Paul Aron,Alpine,20.0,+2.036s,23.0,0.0,0,0.0,0.0,0,0.0,0.0,0,0,0,0.0,0.0,0,0,0.0,0,0.0,0.0,0.0,0,0,0.0,oK_R16_italy_2025,2025,16,0,No,,,,,,,,,,,
BEA,Oliver Bearman,Haas F1 Team,19.0,+1.941s,23.0,14.0,+0.729s,29.0,17.0,+0.878s,22.0,11.0,1:19.688,1:19.446,0,15.0,11.0,1:19.446,12,53.0,+79.288s,0.0,9.0,53.0,16:18:08,1:21.820,254.886,oK_R16_italy_2025,2025,16,0,No,,,,,,,,,,,
BOR,Gabriel Bortoleto,Kick Sauber,11.0,+1.055s,24.0,12.0,+0.597s,25.0,6.0,+0.227s,18.0,8.0,1:19.688,1:19.323,1:19.390,21.0,7.0,1:19.390,8,53.0,+58.484s,4.0,12.0,51.0,16:15:12,1:22.139,253.896,oK_R16_italy_2025,2025,16,4,No,,,,,,,,,,,
COL,Franco Colapinto,Alpine,0.0,0,0.0,20.0,+1.686s,30.0,14.0,+0.703s,22.0,18.0,1:19.992,0,0,9.0,17.0,1:19.992,17,52.0,+1 lap,0.0,15.0,48.0,16:11:31,1:22.239,253.587,oK_R16_italy_2025,2025,16,0,No,,,,,,,,,,,
DUN,Alexander Dunne,McLaren,16.0,+1.489s,26.0,0.0,0,0.0,0.0,0,0.0,0.0,0,0,0,0.0,0.0,0,0,0.0,0,0.0,0.0,0.0,0,0,0.0,oK_R16_italy_2025,2025,16,0,No,,,,,,,,,,,
GAS,Pierre Gasly,Alpine,18.0,+1.536s,26.0,18.0,+1.224s,30.0,18.0,+0.916s,23.0,19.0,1:20.103,0,0,9.0,20.0,1:20.103,16,52.0,+1 lap,0.0,14.0,53.0,16:17:04,1:22.185,253.754,oK_R16_italy_2025,2025,16,0,No,,,,,,,,,,,
HAD,Isack Hadjar,Racing Bulls,10.0,+1.041s,25.0,11.0,+0.505s,24.0,8.0,+0.272s,20.0,16.0,1:19.917,0,0,6.0,19.0,1:19.917,10,53.0,+63.891s,1.0,11.0,46.0,16:08:26,1:22.133,253.914,oK_R16_italy_2025,2025,16,1,No,,,,,,,,,,,
HAM,Lewis Hamilton,Ferrari,1.0,1:20.117,20.0,5.0,+0.192s,26.0,7.0,+0.267s,23.0,5.0,1:19.765,1:19.371,1:19.124,20.0,10.0,1:19.124,6,53.0,+37.449s,8.0,6.0,50.0,16:13:31,1:21.546,255.742,oK_R16_italy_2025,2025,16,8,No,,,,,,,,,,,
HUL,Nico Hulkenberg,Kick Sauber,12.0,+1.062s,26.0,8.0,+0.363s,27.0,11.0,+0.406s,18.0,12.0,1:19.777,1:19.498,0,15.0,12.0,1:19.498,NC,0.0,DNS,0.0,0.0,0.0,0,0,0.0,oK_R16_italy_2025,2025,16,0,No,,,,,,,,,,,
LAW,Liam Lawson,Racing Bulls,13.0,+1.084s,27.0,17.0,+0.933s,25.0,16.0,+0.801s,14.0,20.0,1:20.279,0,0,5.0,18.0,1:20.279,14,53.0,+82.351s,0.0,17.0,49.0,16:12:48,1:22.777,251.939,oK_R16_italy_2025,2025,16,0,No,,,,,,,,,,,
LEC,Charles Leclerc,Ferrari,2.0,+0.169s,24.0,2.0,+0.083s,29.0,2.0,+0.021s,24.0,4.0,1:19.689,1:19.310,1:19.007,20.0,4.0,1:19.007,4,53.0,+25.624s,12.0,4.0,53.0,16:17:24,1:21.294,256.535,oK_R16_italy_2025,2025,16,12,No,,,,,,,,,,,
NOR,Lando Norris,McLaren,6.0,+0.904s,28.0,1.0,1:19.878,28.0,1.0,1:19.331,21.0,2.0,1:19.517,1:19.293,1:18.869,21.0,2.0,1:18.869,2,53.0,+19.207s,18.0,1.0,53.0,16:17:18,1:20.901,257.781,oK_R16_italy_2025,2025,16,18,No,,,,,,,,,,,
OCO,Esteban Ocon,Haas F1 Team,17.0,+1.525s,22.0,16.0,+0.776s,29.0,20.0,+0.973s,20.0,15.0,1:19.816,1:19.707,0,15.0,15.0,1:19.707,15,52.0,+1 lap,0.0,18.0,48.0,16:10:56,1:22.892,251.59,oK_R16_italy_2025,2025,16,0,No,,,,,,,,,,,
PIA,Oscar Piastri,McLaren,0.0,0,0.0,4.0,+0.181s,29.0,3.0,+0.165s,22.0,3.0,1:19.711,1:19.286,1:18.982,19.0,3.0,1:18.982,3,53.0,+21.351s,15.0,3.0,47.0,16:09:09,1:21.245,256.69,oK_R16_italy_2025,2025,16,15,No,,,,,,,,,,,
RUS,George Russell,Mercedes,8.0,+0.993s,20.0,10.0,+0.398s,29.0,5.0,+0.184s,19.0,6.0,1:19.414,1:19.287,1:19.157,18.0,5.0,1:19.157,5,53.0,+32.881s,10.0,8.0,45.0,16:06:35,1:21.800,254.948,oK_R16_italy_2025,2025,16,10,No,,,,,,,,,,,
SAI,Carlos Sainz,Williams,3.0,+0.533s,25.0,3.0,+0.096s,30.0,13.0,+0.576s,23.0,13.0,1:19.644,1:19.528,0,19.0,13.0,1:19.528,11,53.0,+64.469s,0.0,7.0,47.0,16:09:50,1:21.740,255.135,oK_R16_italy_2025,2025,16,0,No,,,,,,,,,,,
STR,Lance Stroll,Aston Martin,15.0,+1.178s,26.0,13.0,+0.650s,28.0,19.0,+0.916s,22.0,17.0,1:19.948,0,0,9.0,16.0,1:19.948,18,52.0,+1 lap,0.0,13.0,52.0,16:15:46,1:22.164,253.819,oK_R16_italy_2025,2025,16,0,No,,,,,,,,,,,
TSU,Yuki Tsunoda,Red Bull Racing,14.0,+1.175s,24.0,9.0,+0.391s,28.0,15.0,+0.728s,24.0,10.0,1:19.619,1:19.433,1:19.519,18.0,9.0,1:19.519,13,53.0,+80.701s,0.0,16.0,52.0,16:16:56,1:22.712,252.137,oK_R16_italy_2025,2025,16,0,No,,,,,,,,,,,
VER,Max Verstappen,Red Bull Racing,4.0,+0.575s,22.0,6.0,+0.199s,27.0,4.0,+0.167s,18.0,1.0,1:19.455,1:19.140,1:18.792,18.0,1.0,1:18.792,1,53.0,1:13:24.325,25.0,2.0,52.0,16:15:37,1:21.003,257.457,oK_R16_italy_2025,2025,16,25,No,,,,,,,,,,,
ALB,Alexander Albon,Williams,5.0,+0.859s,17.0,9.0,+0.884s,24.0,7.0,+0.760s,19.0,19,1:43.778,0,0,4.0,19.0,1:43.778,13,51.0,+72.870s,0.0,7.0,51.0,16:38:22,1:44.152,207.492,oK_R17_azerbaijan_2025,2025,17,0,No,,,,,,,,,,,
ALO,Fernando Alonso,Aston Martin,15.0,+1.435s,15.0,19.0,+1.674s,24.0,14.0,+1.368s,17.0,11,1:42.211,1:41.857,0,18.0,11.0,1:41.857,15,51.0,+78.707s,0.0,15.0,50.0,16:36:53,1:45.002,205.813,oK_R17_azerbaijan_2025,2025,17,0,No,,,,,,,,,,,
ANT,Kimi Antonelli,Mercedes,11.0,+1.281s,17.0,4.0,+0.486s,22.0,5.0,+0.653s,17.0,4,1:42.247,1:41.464,1:41.717,21.0,4.0,1:41.717,4,51.0,+21.760s,12.0,6.0,47.0,16:30:43,1:44.091,207.614,oK_R17_azerbaijan_2025,2025,17,12,No,,,,,,,,,,,
BEA,Oliver Bearman,Haas F1 Team,16.0,+1.447s,17.0,5.0,+0.598s,23.0,8.0,+0.762s,23.0,15,1:42.666,DNF,0,11.0,15.0,0,12,51.0,+68.262s,0.0,10.0,31.0,16:03:27,1:44.288,207.222,oK_R17_azerbaijan_2025,2025,17,0,No,,,,,,,,,,,
BOR,Gabriel Bortoleto,Kick Sauber,14.0,+1.383s,18.0,15.0,+1.268s,22.0,18.0,+1.837s,16.0,13,1:42.511,1:42.277,0,16.0,13.0,1:42.277,11,51.0,+67.606s,0.0,14.0,45.0,16:27:52,1:44.930,205.954,oK_R17_azerbaijan_2025,2025,17,0,No,,,,,,,,,,,
COL,Franco Colapinto,Alpine,19.0,+2.595s,14.0,20.0,+2.029s,22.0,15.0,+1.566s,19.0,16,1:42.779,0,0,8.0,16.0,1:42.779,19,50.0,+1 lap,0.0,19.0,40.0,16:19:38,1:46.055,203.769,oK_R17_azerbaijan_2025,2025,17,0,No,,,,,,,,,,,
GAS,Pierre Gasly,Alpine,20.0,+2.714s,17.0,16.0,+1.381s,22.0,19.0,+2.099s,21.0,18,1:43.139,0,0,8.0,18.0,1:43.139,18,50.0,+1 lap,0.0,18.0,37.0,16:14:21,1:45.492,204.857,oK_R17_azerbaijan_2025,2025,17,0,No,,,,,,,,,,,
HAD,Isack Hadjar,Racing Bulls,10.0,+1.271s,17.0,13.0,+1.150s,23.0,11.0,+1.044s,22.0,8,1:41.656,1:41.647,1:42.372,25.0,8.0,1:42.372,10,51.0,+38.982s,1.0,3.0,50.0,16:36:14,1:43.884,208.028,oK_R17_azerbaijan_2025,2025,17,1,No,,,,,,,,,,,
HAM,Lewis Hamilton,Ferrari,13.0,+1.383s,14.0,1.0,1:41.293,21.0,4.0,+0.276s,18.0,12,1:41.821,1:42.183,0,17.0,12.0,1:42.183,8,51.0,+36.310s,4.0,5.0,40.0,16:18:45,1:43.977,207.842,oK_R17_azerbaijan_2025,2025,17,4,No,,,,,,,,,,,
HUL,Nico Hulkenberg,Kick Sauber,12.0,+1.282s,18.0,18.0,+1.527s,22.0,12.0,+1.205s,17.0,17,1:42.916,0,0,8.0,17.0,1:42.916,16,51.0,+80.237s,0.0,11.0,47.0,16:31:40,1:44.370,207.059,oK_R17_azerbaijan_2025,2025,17,0,No,,,,,,,,,,,
LAW,Liam Lawson,Racing Bulls,9.0,+1.199s,17.0,7.0,+0.696s,22.0,9.0,+0.923s,21.0,3,1:42.257,1:41.537,1:41.707,26.0,3.0,1:41.707,5,51.0,+33.290s,10.0,13.0,49.0,16:34:23,1:44.531,206.74,oK_R17_azerbaijan_2025,2025,17,10,No,,,,,,,,,,,
LEC,Charles Leclerc,Ferrari,3.0,+0.552s,17.0,2.0,+0.074s,23.0,10.0,+0.986s,19.0,10,1:41.458,1:41.519,DNF,19.0,10.0,0,9,51.0,+36.774s,2.0,9.0,50.0,16:36:12,1:44.274,207.25,oK_R17_azerbaijan_2025,2025,17,2,No,,,,,,,,,,,
NOR,Lando Norris,McLaren,1.0,1:42.704,19.0,10.0,+0.906s,7.0,1.0,1:41.223,19.0,7,1:41.322,1:41.396,1:42.239,21.0,7.0,1:42.239,7,51.0,+34.227s,6.0,8.0,42.0,16:22:10,1:44.155,207.486,oK_R17_azerbaijan_2025,2025,17,6,No,,,,,,,,,,,
OCO,Esteban Ocon,Haas F1 Team,18.0,+1.735s,15.0,8.0,+0.874s,23.0,17.0,+1.645s,20.0,DQ,0,0,0,0.0,20.0,0,14,51.0,+77.580s,0.0,17.0,50.0,16:36:51,1:45.388,205.059,oK_R17_azerbaijan_2025,2025,17,0,No,,,,,,,,,,,
PIA,Oscar Piastri,McLaren,2.0,+0.310s,14.0,12.0,+1.002s,23.0,3.0,+0.254s,21.0,9,1:41.839,1:41.414,DNF,18.0,9.0,0,NC,0.0,DNF,0.0,0.0,0.0,0,0,0.0,oK_R17_azerbaijan_2025,2025,17,0,No,,,,,,,,,,,
RUS,George Russell,Mercedes,4.0,+0.553s,16.0,3.0,+0.477s,19.0,6.0,+0.741s,17.0,5,1:41.646,1:41.455,1:42.070,22.0,5.0,1:42.070,2,51.0,+14.609s,18.0,2.0,42.0,16:21:56,1:43.754,208.288,oK_R17_azerbaijan_2025,2025,17,18,No,,,,,,,,,,,
SAI,Carlos Sainz,Williams,8.0,+1.155s,17.0,11.0,+0.962s,24.0,13.0,+1.263s,17.0,2,1:42.635,1:41.675,1:41.595,23.0,2.0,1:41.595,3,51.0,+19.199s,15.0,4.0,47.0,16:30:41,1:43.972,207.852,oK_R17_azerbaijan_2025,2025,17,15,No,,,,,,,,,,,
STR,Lance Stroll,Aston Martin,17.0,+1.625s,15.0,17.0,+1.478s,24.0,20.0,+2.127s,17.0,14,1:42.101,1:43.061,0,16.0,14.0,1:43.061,17,51.0,+96.392s,0.0,16.0,50.0,16:37:08,1:45.083,205.654,oK_R17_azerbaijan_2025,2025,17,0,No,,,,,,,,,,,
TSU,Yuki Tsunoda,Red Bull Racing,6.0,+1.034s,16.0,14.0,+1.151s,22.0,16.0,+1.617s,18.0,6,1:42.347,1:41.788,1:42.143,23.0,6.0,1:42.143,6,51.0,+33.808s,8.0,12.0,41.0,16:20:25,1:44.434,206.932,oK_R17_azerbaijan_2025,2025,17,8,No,,,,,,,,,,,
VER,Max Verstappen,Red Bull Racing,7.0,+1.086s,15.0,6.0,+0.609s,22.0,2.0,+0.222s,19.0,1,1:41.331,1:41.255,1:41.117,23.0,1.0,1:41.117,1,51.0,1:33:26.408,25.0,1.0,50.0,16:35:35,1:43.388,209.026,oK_R17_azerbaijan_2025,2025,17,25,No,,,,,,,,,,,
ALB,Alexander Albon,Williams,20.0,0,2.0,13.0,+1.346s,19.0,11.0,+0.520s,23.0,DQ,0,1:30.202,0,0.0,20.0,0,14,61.0,+1 lap,0.0,9.0,61.0,21:42:43,1:35.648,185.442,oK_R18_singapore_2025,2025,18,0,No,,,,,,,,,,,
ALO,Fernando Alonso,Aston Martin,1.0,1:31.116,23.0,4.0,+0.163s,19.0,15.0,+0.775s,22.0,10,1:30.745,1:30.054,1:29.955,18.0,10.0,1:29.955,7,62.0,+80.667s,6.0,13.0,52.0,21:29:13,1:35.862,185.028,oK_R18_singapore_2025,2025,18,6,No,,,,,,,,,,,
ANT,Kimi Antonelli,Mercedes,14.0,+1.283s,24.0,18.0,+2.005s,18.0,4.0,+0.089s,19.0,4,1:30.036,1:29.649,1:29.537,17.0,4.0,1:29.537,5,62.0,+33.681s,10.0,4.0,27.0,20:48:03,1:35.303,186.113,oK_R18_singapore_2025,2025,18,10,No,,,,,,,,,,,
BEA,Oliver Bearman,Haas F1 Team,16.0,+1.422s,25.0,12.0,+0.997s,18.0,14.0,+0.651s,24.0,9,1:30.420,1:30.076,1:29.868,17.0,9.0,1:29.868,9,62.0,+93.527s,2.0,15.0,56.0,21:35:49,1:36.201,184.376,oK_R18_singapore_2025,2025,18,2,No,,,,,,,,,,,
BOR,Gabriel Bortoleto,Kick Sauber,17.0,+1.495s,27.0,15.0,+1.605s,19.0,12.0,+0.549s,25.0,14,1:30.820,0,0,8.0,14.0,1:30.820,17,61.0,+1 lap,0.0,19.0,16.0,20:30:42,1:37.126,182.62,oK_R18_singapore_2025,2025,18,0,No,,,,,,,,,,,
COL,Franco Colapinto,Alpine,19.0,+2.208s,26.0,19.0,+2.425s,20.0,16.0,+0.899s,23.0,16,1:30.982,0,0,9.0,16.0,1:30.982,16,61.0,+1 lap,0.0,20.0,17.0,20:32:08,1:37.182,182.515,oK_R18_singapore_2025,2025,18,0,No,,,,,,,,,,,
GAS,Pierre Gasly,Alpine,13.0,+1.262s,26.0,16.0,+1.744s,20.0,19.0,+1.495s,23.0,18,1:31.261,0,0,8.0,19.0,1:31.261,19,61.0,+1 lap,0.0,2.0,54.0,21:31:47,1:34.573,187.55,oK_R18_singapore_2025,2025,18,0,No,,,,,,,,,,,
HAD,Isack Hadjar,Racing Bulls,7.0,+0.639s,28.0,2.0,+0.132s,19.0,7.0,+0.341s,25.0,8,1:30.214,1:30.016,1:29.846,19.0,8.0,1:29.846,11,61.0,+1 lap,0.0,18.0,55.0,21:32:44,1:36.938,182.974,oK_R18_singapore_2025,2025,18,0,No,,,,,,,,,,,
HAM,Lewis Hamilton,Ferrari,4.0,+0.364s,23.0,10.0,+0.777s,17.0,8.0,+0.411s,23.0,6,1:29.765,1:29.936,1:29.688,20.0,6.0,1:29.688,8,62.0,+85.251s,4.0,1.0,48.0,21:22:07,1:33.808,189.079,oK_R18_singapore_2025,2025,18,4,No,,,,,,,,,,,
HUL,Nico Hulkenberg,Kick Sauber,12.0,+1.199s,29.0,14.0,+1.355s,19.0,9.0,+0.489s,22.0,11,1:30.715,1:30.141,0,15.0,11.0,1:30.141,20,61.0,+1 lap,0.0,5.0,48.0,21:22:11,1:35.404,185.916,oK_R18_singapore_2025,2025,18,0,No,,,,,,,,,,,
LAW,Liam Lawson,Racing Bulls,15.0,+1.345s,27.0,17.0,+1.931s,10.0,20.0,+3.480s,7.0,12,1:30.681,1:30.320,0,14.0,12.0,1:30.320,15,61.0,+1 lap,0.0,8.0,62.0,21:44:21,1:35.641,185.456,oK_R18_singapore_2025,2025,18,0,No,,,,,,,,,,,
LEC,Charles Leclerc,Ferrari,2.0,+0.150s,25.0,9.0,+0.752s,18.0,10.0,+0.503s,23.0,7,1:30.370,1:29.914,1:29.784,22.0,7.0,1:29.784,6,62.0,+45.996s,8.0,14.0,41.0,21:10:32,1:35.983,184.795,oK_R18_singapore_2025,2025,18,8,No,,,,,,,,,,,
NOR,Lando Norris,McLaren,6.0,+0.582s,22.0,5.0,+0.483s,18.0,5.0,+0.089s,26.0,5,1:29.932,1:29.809,1:29.586,20.0,5.0,1:29.586,3,62.0,+6.066s,15.0,7.0,36.0,21:02:11,1:35.555,185.622,oK_R18_singapore_2025,2025,18,15,No,,,,,,,,,,,
OCO,Esteban Ocon,Haas F1 Team,10.0,+1.012s,24.0,7.0,+0.584s,19.0,13.0,+0.636s,23.0,17,1:30.989,0,0,6.0,17.0,1:30.989,18,61.0,+1 lap,0.0,16.0,32.0,20:56:52,1:36.646,183.527,oK_R18_singapore_2025,2025,18,0,No,,,,,,,,,,,
PIA,Oscar Piastri,McLaren,5.0,+0.365s,25.0,1.0,1:30.714,19.0,2.0,+0.017s,26.0,3,1:30.313,1:29.813,1:29.524,20.0,3.0,1:29.524,4,62.0,+8.146s,12.0,6.0,31.0,20:54:21,1:35.408,185.908,oK_R18_singapore_2025,2025,18,12,No,,,,,,,,,,,
RUS,George Russell,Mercedes,11.0,+1.023s,22.0,20.0,+2.517s,6.0,3.0,+0.049s,18.0,1,1:29.928,1:29.562,1:29.158,18.0,1.0,1:29.158,1,62.0,1:40:22.367,25.0,11.0,27.0,20:47:41,1:35.676,185.388,oK_R18_singapore_2025,2025,18,25,No,,,,,,,,,,,
SAI,Carlos Sainz,Williams,8.0,+0.696s,27.0,8.0,+0.585s,20.0,6.0,+0.244s,23.0,DQ,0,1:30.235,0,0.0,18.0,0,10,61.0,+1 lap,1.0,3.0,62.0,21:44:05,1:34.963,186.78,oK_R18_singapore_2025,2025,18,1,No,,,,,,,,,,,
STR,Lance Stroll,Aston Martin,18.0,+1.918s,18.0,6.0,+0.508s,18.0,17.0,+1.112s,24.0,15,1:30.949,0,0,9.0,15.0,1:30.949,13,61.0,+1 lap,0.0,12.0,61.0,21:42:42,1:35.851,185.049,oK_R18_singapore_2025,2025,18,0,No,,,,,,,,,,,
TSU,Yuki Tsunoda,Red Bull Racing,9.0,+0.744s,25.0,11.0,+0.994s,18.0,18.0,+1.292s,25.0,13,1:30.574,1:30.353,0,12.0,13.0,1:30.353,12,61.0,+1 lap,0.0,17.0,45.0,21:18:04,1:36.831,183.176,oK_R18_singapore_2025,2025,18,0,No,,,,,,,,,,,
VER,Max Verstappen,Red Bull Racing,3.0,+0.276s,24.0,3.0,+0.143s,19.0,1.0,1:30.148,16.0,2,1:30.028,1:29.572,1:29.340,18.0,2.0,1:29.340,2,62.0,+5.430s,18.0,10.0,30.0,20:52:32,1:35.649,185.44,oK_R18_singapore_2025,2025,18,18,No,,,,,,,,,,,
ALB,Alexander Albon,Williams,6.0,+0.626s,27.0,,,,,,,19,1:34.690,0,0,9.0,18.0,1:34.690,14,56.0,+80.000s,0.0,7.0,38.0,15:09:13,1:38.328,201.842,oK_R19_united-states_2025,2025,19,3,Yes,6,19.0,+2.576s,3.0,9.0,1:33.099,9,1:34.472,1:33.831,1:33.099,14.0
ALO,Fernando Alonso,Aston Martin,4.0,+0.345s,23.0,,,,,,,10,1:33.741,1:33.237,1:33.160,18.0,10.0,1:33.160,10,56.0,+70.001s,1.0,12.0,54.0,15:35:31,1:38.789,200.9,oK_R19_united-states_2025,2025,19,1,Yes,NC,0.0,DNF,0.0,6.0,1:32.910,6,1:34.737,1:33.951,1:32.910,12.0
ANT,Kimi Antonelli,Mercedes,18.0,+1.443s,27.0,,,,,,,7,1:33.501,1:33.044,1:33.114,18.0,7.0,1:33.114,13,56.0,+75.746s,0.0,1.0,33.0,15:00:51,1:37.577,203.396,oK_R19_united-states_2025,2025,19,1,Yes,8,19.0,+4.147s,1.0,11.0,1:34.018,11,1:34.414,1:34.018,0,11.0
BEA,Oliver Bearman,Haas F1 Team,10.0,+1.039s,27.0,,,,,,,8,1:33.921,1:33.238,1:33.139,19.0,8.0,1:33.139,9,56.0,+64.722s,2.0,16.0,32.0,14:58:46,1:39.119,200.232,oK_R19_united-states_2025,2025,19,2,Yes,15,19.0,+13.576s,0.0,16.0,1:35.159,16,1:35.159,0,0,5.0
BOR,Gabriel Bortoleto,Kick Sauber,12.0,+1.184s,24.0,,,,,,,16,1:34.125,0,0,8.0,16.0,1:34.125,18,55.0,+1 lap,0.0,6.0,39.0,15:11:04,1:38.275,201.951,oK_R19_united-states_2025,2025,19,0,Yes,11,19.0,+5.649s,0.0,20.0,0,NC,DNF,0,0,5.0
COL,Franco Colapinto,Alpine,16.0,+1.359s,25.0,,,,,,,15,1:34.039,1:34.044,0,14.0,15.0,1:34.044,17,55.0,+1 lap,0.0,17.0,54.0,15:36:00,1:39.173,200.123,oK_R19_united-states_2025,2025,19,0,Yes,14,19.0,+8.006s,0.0,17.0,1:35.246,17,1:35.246,0,0,6.0
GAS,Pierre Gasly,Alpine,17.0,+1.371s,24.0,,,,,,,14,1:33.599,1:33.651,0,14.0,14.0,1:33.651,19,55.0,+1 lap,0.0,19.0,30.0,14:55:49,1:39.270,199.927,oK_R19_united-states_2025,2025,19,0,Yes,10,19.0,+5.126s,0.0,13.0,1:34.258,13,1:35.144,1:34.258,0,9.0
HAD,Isack Hadjar,Racing Bulls,9.0,+0.861s,25.0,,,,,,,NC,DNF,0,0,2.0,20.0,0,16,56.0,+92.807s,0.0,11.0,54.0,15:35:54,1:38.724,201.033,oK_R19_united-states_2025,2025,19,0,Yes,12,19.0,+6.228s,0.0,12.0,1:34.241,12,1:34.243,1:34.241,0,9.0
HAM,Lewis Hamilton,Ferrari,8.0,+0.671s,25.0,,,,,,,5,1:33.685,1:32.914,1:32.912,18.0,5.0,1:32.912,4,56.0,+28.536s,12.0,8.0,55.0,15:36:25,1:38.361,201.775,oK_R19_united-states_2025,2025,19,17,Yes,4,19.0,+1.224s,5.0,8.0,1:33.035,8,1:34.226,1:34.012,1:33.035,14.0
HUL,Nico Hulkenberg,Kick Sauber,2.0,+0.255s,24.0,,,,,,,11,1:33.551,1:33.334,0,14.0,11.0,1:33.334,8,56.0,+57.249s,4.0,9.0,54.0,15:35:18,1:38.372,201.752,oK_R19_united-states_2025,2025,19,4,Yes,13,19.0,+6.624s,0.0,4.0,1:32.645,4,1:34.236,1:33.577,1:32.645,12.0
LAW,Liam Lawson,Racing Bulls,15.0,+1.325s,25.0,,,,,,,12,1:33.549,1:33.360,0,14.0,12.0,1:33.360,11,56.0,+73.209s,0.0,14.0,53.0,15:33:55,1:38.983,200.507,oK_R19_united-states_2025,2025,19,0,Yes,9,19.0,+4.804s,0.0,15.0,0,15,1:34.603,DNF,0,8.0
LEC,Charles Leclerc,Ferrari,20.0,+2.786s,18.0,,,,,,,3,1:33.525,1:32.869,1:32.807,17.0,3.0,1:32.807,3,56.0,+15.373s,15.0,5.0,47.0,15:23:00,1:38.231,202.042,oK_R19_united-states_2025,2025,19,19,Yes,5,19.0,+1.825s,4.0,10.0,1:33.104,10,1:34.913,1:33.938,1:33.104,15.0
NOR,Lando Norris,McLaren,1.0,1:33.294,23.0,,,,,,,2,1:33.843,1:32.876,1:32.801,20.0,2.0,1:32.801,2,56.0,+7.959s,18.0,2.0,35.0,15:03:20,1:37.620,203.306,oK_R19_united-states_2025,2025,19,18,Yes,NC,0.0,DNF,0.0,2.0,1:32.214,2,1:33.224,1:33.033,1:32.214,12.0
OCO,Esteban Ocon,Haas F1 Team,11.0,+1.074s,26.0,,,,,,,17,1:34.136,0,0,8.0,17.0,1:34.136,15,56.0,+83.043s,0.0,18.0,31.0,14:57:27,1:39.263,199.941,oK_R19_united-states_2025,2025,19,0,Yes,NC,15.0,DNF,0.0,19.0,1:36.003,19,1:36.003,0,0,5.0
PIA,Oscar Piastri,McLaren,3.0,+0.279s,26.0,,,,,,,6,1:33.746,1:33.228,1:33.084,19.0,6.0,1:33.084,5,56.0,+29.678s,10.0,10.0,55.0,15:36:30,1:38.564,201.359,oK_R19_united-states_2025,2025,19,10,Yes,NC,0.0,DNF,0.0,3.0,1:32.523,3,1:33.889,1:33.371,1:32.523,13.0
RUS,George Russell,Mercedes,7.0,+0.637s,27.0,,,,,,,4,1:33.311,1:33.058,1:32.826,19.0,4.0,1:32.826,6,56.0,+33.456s,8.0,4.0,35.0,15:03:37,1:38.224,202.056,oK_R19_united-states_2025,2025,19,15,Yes,2,19.0,+0.395s,7.0,5.0,1:32.888,5,1:34.653,1:33.462,1:32.888,13.0
SAI,Carlos Sainz,Williams,19.0,+2.580s,9.0,,,,,,,9,1:33.739,1:33.124,1:33.150,20.0,9.0,1:33.150,NC,5.0,DNF,0.0,20.0,3.0,14:08:47,1:40.327,197.821,oK_R19_united-states_2025,2025,19,6,Yes,3,19.0,+0.791s,6.0,7.0,1:32.911,7,1:34.239,1:33.652,1:32.911,14.0
STR,Lance Stroll,Aston Martin,14.0,+1.316s,23.0,,,,,,,18,1:34.540,0,0,7.0,19.0,1:34.540,12,56.0,+74.778s,0.0,15.0,54.0,15:35:36,1:39.071,200.329,oK_R19_united-states_2025,2025,19,0,Yes,NC,15.0,DNF,0.0,14.0,1:34.394,14,1:34.988,1:34.394,0,10.0
TSU,Yuki Tsunoda,Red Bull Racing,13.0,+1.237s,24.0,,,,,,,13,1:33.935,1:33.466,0,13.0,13.0,1:33.466,7,56.0,+52.714s,6.0,13.0,54.0,15:35:14,1:38.803,200.872,oK_R19_united-states_2025,2025,19,8,Yes,7,19.0,+2.976s,2.0,18.0,1:35.259,18,1:35.259,0,0,5.0
VER,Max Verstappen,Red Bull Racing,5.0,+0.354s,26.0,,,,,,,1,1:33.207,1:32.701,1:32.510,14.0,1.0,1:32.510,1,56.0,1:34:00.161,25.0,3.0,35.0,15:03:11,1:37.991,202.536,oK_R19_united-states_2025,2025,19,33,Yes,1,19.0,37:58.229,8.0,1.0,1:32.143,1,1:33.363,1:33.163,1:32.143,12.0
ALB,Alexander Albon,Williams,10.0,+1.004s,33.0,19.0,+1.463s,31.0,16.0,+1.361s,20.0,17.0,1:17.490,0,0,9.0,17.0,1:17.490,12,70.0,+1 lap,0.0,4.0,45.0,15:06:41,1:20.480,192.524,oK_R20_mexico_2025,2025,20,0,No,,,,,,,,,,,
ALO,Fernando Alonso,Aston Martin,12.0,+1.092s,26.0,8.0,+0.546s,29.0,20.0,+1.978s,12.0,14.0,1:17.232,1:17.103,0,15.0,14.0,1:17.103,NC,34.0,DNF,0.0,15.0,22.0,14:34:38,1:21.708,189.631,oK_R20_mexico_2025,2025,20,0,No,,,,,,,,,,,
ANT,Kimi Antonelli,Mercedes,2.0,+0.107s,35.0,3.0,+0.174s,27.0,7.0,+0.620s,19.0,6.0,1:17.291,1:16.773,1:16.118,18.0,6.0,1:16.118,6,71.0,+47.837s,8.0,9.0,58.0,15:23:56,1:20.826,191.7,oK_R20_mexico_2025,2025,20,8,No,,,,,,,,,,,
ARO,Paul Aron,Alpine,15.0,+1.482s,29.0,0.0,0,0.0,0.0,0,0.0,0.0,0,0,0,0.0,0.0,0,0,0.0,0,0.0,0.0,0.0,0,0,0.0,oK_R20_mexico_2025,2025,20,0,No,,,,,,,,,,,
BEA,Oliver Bearman,Haas F1 Team,0.0,0,0.0,17.0,+1.050s,34.0,17.0,+1.413s,23.0,10.0,1:17.040,1:16.787,1:16.460,21.0,9.0,1:16.460,4,71.0,+40.955s,12.0,7.0,51.0,15:14:23,1:20.705,191.988,oK_R20_mexico_2025,2025,20,12,No,,,,,,,,,,,
BOR,Gabriel Bortoleto,Kick Sauber,5.0,+0.536s,28.0,15.0,+0.931s,30.0,10.0,+0.893s,24.0,16.0,1:17.412,0,0,9.0,16.0,1:17.412,10,71.0,+76.863s,1.0,11.0,39.0,14:58:16,1:21.121,191.003,oK_R20_mexico_2025,2025,20,1,No,,,,,,,,,,,
BRO,Luke Browning,Williams,18.0,+1.930s,31.0,0.0,0,0.0,0.0,0,0.0,0.0,0,0,0,0.0,0.0,0,0,0.0,0,0.0,0.0,0.0,0,0,0.0,oK_R20_mexico_2025,2025,20,0,No,,,,,,,,,,,
COL,Franco Colapinto,Alpine,9.0,+0.951s,28.0,18.0,+1.329s,31.0,19.0,+1.948s,22.0,20.0,1:17.670,0,0,8.0,20.0,1:17.670,16,70.0,+1 lap,0.0,12.0,51.0,15:14:11,1:21.342,190.484,oK_R20_mexico_2025,2025,20,0,No,,,,,,,,,,,
CRA,Jak Crawford,Aston Martin,19.0,+1.991s,29.0,0.0,0,0.0,0.0,0,0.0,0.0,0,0,0,0.0,0.0,0,0,0.0,0,0.0,0.0,0.0,0,0,0.0,oK_R20_mexico_2025,2025,20,0,No,,,,,,,,,,,
FUO,Antonio Fuoco,Ferrari,20.0,+2.474s,29.0,0.0,0,0.0,0.0,0,0.0,0.0,0,0,0,0.0,0.0,0,0,0.0,0,0.0,0.0,0.0,0,0,0.0,oK_R20_mexico_2025,2025,20,0,No,,,,,,,,,,,
GAS,Pierre Gasly,Alpine,0.0,0,0.0,20.0,+1.802s,30.0,18.0,+1.779s,24.0,18.0,1:17.546,0,0,9.0,18.0,1:17.546,15,70.0,+1 lap,0.0,18.0,44.0,15:04:12,1:22.271,188.333,oK_R20_mexico_2025,2025,20,0,No,,,,,,,,,,,
HAD,Isack Hadjar,Racing Bulls,11.0,+1.029s,32.0,14.0,+0.889s,30.0,8.0,+0.763s,19.0,9.0,1:16.733,1:16.804,1:16.252,18.0,8.0,1:16.252,13,70.0,+1 lap,0.0,16.0,44.0,15:05:02,1:21.714,189.617,oK_R20_mexico_2025,2025,20,0,No,,,,,,,,,,,
HAM,Lewis Hamilton,Ferrari,0.0,0,0.0,5.0,+0.300s,30.0,2.0,+0.345s,29.0,3.0,1:16.736,1:16.458,1:15.938,21.0,3.0,1:15.938,8,71.0,+56.446s,4.0,6.0,50.0,15:13:10,1:20.601,192.235,oK_R20_mexico_2025,2025,20,4,No,,,,,,,,,,,
HIR,Ryo Hirakawa,Haas F1 Team,16.0,+1.693s,27.0,0.0,0,0.0,0.0,0,0.0,0.0,0,0,0,0.0,0.0,0,0,0.0,0,0.0,0.0,0.0,0,0,0.0,oK_R20_mexico_2025,2025,20,0,No,,,,,,,,,,,
HUL,Nico Hulkenberg,Kick Sauber,3.0,+0.380s,27.0,16.0,+0.956s,29.0,14.0,+1.031s,25.0,13.0,1:17.251,1:17.016,0,15.0,13.0,1:17.016,NC,25.0,DNF,0.0,19.0,14.0,14:23:09,1:23.091,186.475,oK_R20_mexico_2025,2025,20,0,No,,,,,,,,,,,
IWA,Ayumu Iwasa,Racing Bulls,17.0,+1.773s,29.0,0.0,0,0.0,0.0,0,0.0,0.0,0,0,0,0.0,0.0,0,0,0.0,0,0.0,0.0,0.0,0,0,0.0,oK_R20_mexico_2025,2025,20,0,No,,,,,,,,,,,
LAW,Liam Lawson,Racing Bulls,0.0,0,0.0,11.0,+0.826s,32.0,11.0,+0.919s,20.0,15.0,1:16.961,1:18.072,0,13.0,15.0,1:18.072,NC,5.0,DNF,0.0,20.0,4.0,14:09:44,1:25.124,182.021,oK_R20_mexico_2025,2025,20,0,No,,,,,,,,,,,
LEC,Charles Leclerc,Ferrari,1.0,1:18.380,29.0,2.0,+0.153s,32.0,4.0,+0.566s,26.0,2.0,1:17.024,1:16.658,1:15.848,20.0,2.0,1:15.848,2,71.0,+30.324s,18.0,14.0,45.0,15:05:45,1:21.588,189.91,oK_R20_mexico_2025,2025,20,18,No,,,,,,,,,,,
LIN,Arvid Lindblad,Red Bull Racing,6.0,+0.617s,26.0,0.0,0,0.0,0.0,0,0.0,0.0,0,0,0,0.0,0.0,0,0,0.0,0,0.0,0.0,0.0,0,0,0.0,oK_R20_mexico_2025,2025,20,0,No,,,,,,,,,,,
NOR,Lando Norris,McLaren,0.0,0,0.0,4.0,+0.251s,31.0,1.0,1:16.633,22.0,1.0,1:16.899,1:16.252,1:15.586,21.0,1.0,1:15.586,1,71.0,1:37:58.574,25.0,8.0,45.0,15:05:25,1:20.764,191.847,oK_R20_mexico_2025,2025,20,25,No,,,,,,,,,,,
OCO,Esteban Ocon,Haas F1 Team,7.0,+0.658s,29.0,13.0,+0.874s,31.0,12.0,+0.941s,26.0,12.0,1:16.948,1:16.837,0,15.0,11.0,1:16.837,9,71.0,+75.464s,2.0,17.0,65.0,15:33:48,1:21.869,189.258,oK_R20_mexico_2025,2025,20,2,No,,,,,,,,,,,
OWA,Patricio O'Ward,McLaren,13.0,+1.300s,30.0,0.0,0,0.0,0.0,0,0.0,0.0,0,0,0,0.0,0.0,0,0,0.0,0,0.0,0.0,0.0,0,0,0.0,oK_R20_mexico_2025,2025,20,0,No,,,,,,,,,,,
PIA,Oscar Piastri,McLaren,4.0,+0.404s,31.0,12.0,+0.840s,31.0,5.0,+0.599s,23.0,8.0,1:17.158,1:16.737,1:16.174,20.0,7.0,1:16.174,5,71.0,+42.065s,10.0,3.0,53.0,15:17:09,1:20.422,192.663,oK_R20_mexico_2025,2025,20,10,No,,,,,,,,,,,
RUS,George Russell,Mercedes,0.0,0,0.0,6.0,+0.437s,33.0,3.0,+0.512s,19.0,4.0,1:16.895,1:16.537,1:16.034,18.0,4.0,1:16.034,7,71.0,+50.287s,6.0,1.0,50.0,15:13:04,1:20.052,193.554,oK_R20_mexico_2025,2025,20,6,No,,,,,,,,,,,
SAI,Carlos Sainz,Williams,0.0,0,0.0,9.0,+0.547s,34.0,15.0,+1.168s,24.0,7.0,1:17.171,1:16.607,1:16.172,18.0,12.0,1:16.172,17,67.0,DNF,0.0,2.0,48.0,15:10:45,1:20.098,193.443,oK_R20_mexico_2025,2025,20,0,No,,,,,,,,,,,
STR,Lance Stroll,Aston Martin,0.0,0,0.0,10.0,+0.562s,30.0,13.0,+0.965s,23.0,19.0,1:17.606,0,0,9.0,19.0,1:17.606,14,70.0,+1 lap,0.0,5.0,45.0,15:06:42,1:20.593,192.254,oK_R20_mexico_2025,2025,20,0,No,,,,,,,,,,,
TSU,Yuki Tsunoda,Red Bull Racing,8.0,+0.710s,29.0,7.0,+0.491s,31.0,9.0,+0.782s,23.0,11.0,1:17.234,1:16.816,0,12.0,10.0,1:16.816,11,71.0,+79.048s,0.0,13.0,44.0,15:05:08,1:21.486,190.148,oK_R20_mexico_2025,2025,20,0,No,,,,,,,,,,,
VER,Max Verstappen,Red Bull Racing,0.0,0,0.0,1.0,1:17.392,34.0,6.0,+0.609s,30.0,5.0,1:17.076,1:16.605,1:16.070,18.0,5.0,1:16.070,3,71.0,+31.049s,15.0,10.0,50.0,15:12:47,1:21.108,191.034,oK_R20_mexico_2025,2025,20,15,No,,,,,,,,,,,
VES,Frederik Vesti,Mercedes,14.0,+1.309s,32.0,0.0,0,0.0,0.0,0,0.0,0.0,0,0,0,0.0,0.0,0,0,0.0,0,0.0,0.0,0.0,0,0,0.0,oK_R20_mexico_2025,2025,20,0,No,,,,,,,,,,,
ALB,Alexander Albon,Williams,12.0,+0.832s,35.0,,,,,,,12.0,1:10.115,1:10.053,0,18.0,12.0,1:10.053,11,71.0,+54.184s,0.0,1.0,59.0,15:21:20,1:12.400,214.259,oK_R21_brazil_2025,2025,21,0,Yes,17,24.0,+55.456s,0.0,12.0,1:09.813,12,1:10.275,1:09.813,0,12.0
ALO,Fernando Alonso,Aston Martin,4.0,+0.631s,26.0,,,,,,,11.0,1:10.181,1:10.001,0,15.0,11.0,1:10.001,14,71.0,+55.766s,0.0,10.0,48.0,15:07:45,1:13.312,211.594,oK_R21_brazil_2025,2025,21,3,Yes,6,24.0,+18.306s,3.0,5.0,1:09.496,5,1:10.011,1:09.330,1:09.496,12.0
ANT,Kimi Antonelli,Mercedes,10.0,+0.769s,37.0,,,,,,,2.0,1:10.192,1:09.774,1:09.685,16.0,2.0,1:09.685,2,71.0,+10.388s,18.0,9.0,52.0,15:12:06,1:13.123,212.141,oK_R21_brazil_2025,2025,21,25,Yes,2,24.0,+0.845s,7.0,2.0,1:09.340,2,1:10.381,1:09.504,1:09.340,16.0
BEA,Oliver Bearman,Haas F1 Team,14.0,+0.986s,32.0,,,,,,,8.0,1:09.891,1:09.755,1:09.977,19.0,8.0,1:09.977,6,71.0,+29.630s,8.0,13.0,48.0,15:07:20,1:13.483,211.101,oK_R21_brazil_2025,2025,21,8,Yes,12,24.0,+36.334s,0.0,15.0,1:09.946,15,1:10.066,1:09.946,0,12.0
BOR,Gabriel Bortoleto,Kick Sauber,5.0,+0.641s,32.0,,,,,,,0.0,0,0,0,0.0,18.0,0,NC,0.0,DNF,0.0,0.0,0.0,0,0,0.0,oK_R21_brazil_2025,2025,21,0,Yes,18,23.0,DNF,0.0,14.0,1:09.923,14,1:10.217,1:09.923,0,12.0
COL,Franco Colapinto,Alpine,16.0,+1.185s,30.0,,,,,,,18.0,1:10.632,0,0,9.0,16.0,1:10.632,15,71.0,+57.777s,0.0,5.0,45.0,15:04:05,1:12.816,213.035,oK_R21_brazil_2025,2025,21,0,Yes,NC,5.0,DNF,0.0,16.0,1:10.441,16,1:10.441,0,0,6.0
GAS,Pierre Gasly,Alpine,7.0,+0.706s,33.0,,,,,,,9.0,1:09.885,1:09.857,1:10.002,21.0,9.0,1:10.002,10,71.0,+53.914s,1.0,16.0,42.0,15:00:01,1:13.736,210.377,oK_R21_brazil_2025,2025,21,2,Yes,8,24.0,+19.366s,1.0,13.0,1:09.852,13,1:10.097,1:09.852,0,12.0
HAD,Isack Hadjar,Racing Bulls,9.0,+0.732s,31.0,,,,,,,5.0,1:10.083,1:09.970,1:09.931,21.0,5.0,1:09.931,8,71.0,+52.873s,4.0,15.0,40.0,14:57:30,1:13.694,210.497,oK_R21_brazil_2025,2025,21,4,Yes,10,24.0,+29.548s,0.0,9.0,1:09.775,9,1:10.095,1:09.608,1:09.775,15.0
HAM,Lewis Hamilton,Ferrari,19.0,+1.551s,28.0,,,,,,,13.0,1:10.016,1:10.100,0,16.0,13.0,1:10.100,NC,37.0,DNF,0.0,17.0,35.0,14:51:37,1:13.844,210.069,oK_R21_brazil_2025,2025,21,2,Yes,7,24.0,+18.603s,2.0,11.0,1:09.811,11,1:10.224,1:09.811,0,14.0
HUL,Nico Hulkenberg,Kick Sauber,3.0,+0.619s,32.0,,,,,,,10.0,1:10.337,1:09.985,1:10.039,23.0,10.0,1:10.039,9,71.0,+53.324s,2.0,11.0,39.0,14:56:08,1:13.474,211.127,oK_R21_brazil_2025,2025,21,2,Yes,15,24.0,+42.349s,0.0,10.0,1:09.935,10,1:10.333,1:09.735,1:09.935,15.0
LAW,Liam Lawson,Racing Bulls,11.0,+0.819s,36.0,,,,,,,7.0,1:10.108,1:09.950,1:09.962,21.0,7.0,1:09.962,7,71.0,+52.642s,6.0,18.0,21.0,14:33:26,1:14.029,209.544,oK_R21_brazil_2025,2025,21,6,Yes,16,24.0,+43.090s,0.0,17.0,1:10.666,17,1:10.666,0,0,5.0
LEC,Charles Leclerc,Ferrari,18.0,+1.518s,30.0,,,,,,,3.0,1:09.934,1:09.801,1:09.805,22.0,3.0,1:09.805,NC,5.0,DNF,0.0,19.0,2.0,14:06:17,1:43.560,149.791,oK_R21_brazil_2025,2025,21,4,Yes,5,24.0,+16.483s,4.0,8.0,1:09.725,8,1:10.324,1:09.732,1:09.725,19.0
NOR,Lando Norris,McLaren,1.0,1:09.975,31.0,,,,,,,1.0,1:09.656,1:09.616,1:09.511,21.0,1.0,1:09.511,1,71.0,1:32:01.596,25.0,6.0,66.0,15:29:08,1:13.040,212.382,oK_R21_brazil_2025,2025,21,33,Yes,1,24.0,53:25.928,8.0,1.0,1:09.243,1,1:09.627,1:09.373,1:09.243,20.0
OCO,Esteban Ocon,Haas F1 Team,13.0,+0.931s,29.0,,,,,,,17.0,1:10.438,0,0,9.0,20.0,1:10.438,12,71.0,+54.696s,0.0,12.0,10.0,14:19:38,1:13.481,211.107,oK_R21_brazil_2025,2025,21,0,Yes,11,24.0,+31.000s,0.0,18.0,1:10.872,19,1:10.872,0,0,6.0
PIA,Oscar Piastri,McLaren,2.0,+0.023s,33.0,,,,,,,4.0,1:09.928,1:09.835,1:09.886,19.0,4.0,1:09.886,5,71.0,+15.749s,10.0,3.0,54.0,15:14:43,1:12.742,213.252,oK_R21_brazil_2025,2025,21,10,Yes,NC,5.0,DNF,0.0,3.0,1:09.428,3,1:10.017,1:09.416,1:09.428,19.0
RUS,George Russell,Mercedes,6.0,+0.670s,35.0,,,,,,,6.0,1:09.935,1:09.880,1:09.942,16.0,6.0,1:09.942,4,71.0,+15.267s,12.0,8.0,52.0,15:12:08,1:13.097,212.216,oK_R21_brazil_2025,2025,21,18,Yes,3,24.0,+2.318s,6.0,4.0,1:09.495,4,1:10.048,1:09.384,1:09.495,16.0
SAI,Carlos Sainz,Williams,8.0,+0.711s,36.0,,,,,,,15.0,1:10.184,1:10.472,0,17.0,15.0,1:10.472,13,71.0,+55.420s,0.0,14.0,19.0,14:30:58,1:13.683,210.528,oK_R21_brazil_2025,2025,21,0,Yes,14,24.0,+38.951s,0.0,20.0,1:11.120,20,1:11.120,0,0,6.0
STR,Lance Stroll,Aston Martin,15.0,+1.095s,31.0,,,,,,,14.0,1:10.041,1:10.161,0,15.0,14.0,1:10.161,16,71.0,+58.247s,0.0,7.0,56.0,15:17:46,1:13.094,212.225,oK_R21_brazil_2025,2025,21,0,Yes,9,24.0,+23.933s,0.0,7.0,1:09.671,7,1:10.326,1:09.647,1:09.671,15.0
TSU,Yuki Tsunoda,Red Bull Racing,20.0,+1.788s,20.0,,,,,,,19.0,1:10.711,0,0,9.0,17.0,1:10.711,17,71.0,+69.176s,0.0,4.0,50.0,15:09:19,1:12.774,213.158,oK_R21_brazil_2025,2025,21,0,Yes,13,24.0,+38.462s,0.0,19.0,1:10.692,18,1:10.692,0,0,6.0
VER,Max Verstappen,Red Bull Racing,17.0,+1.393s,31.0,,,,,,,16.0,1:10.403,0,0,9.0,19.0,1:10.403,3,71.0,+10.750s,15.0,2.0,56.0,15:17:07,1:12.447,214.12,oK_R21_brazil_2025,2025,21,20,Yes,4,24.0,+4.423s,5.0,6.0,1:09.580,6,1:09.975,1:09.707,1:09.580,15.0
ALB,Alexander Albon,Williams,2.0,+0.166s,23.0,8.0,+0.465s,17.0,3.0,+0.821s,21.0,16,1:56.220,0,0,8.0,16.0,1:56.220,NC,35.0,DNF,0.0,13.0,26.0,20:48:32,1:35.184,234.531,oK_R22_las-vegas_2025,2025,22,0,No,,,,,,,,,,,
ALO,Fernando Alonso,Aston Martin,14.0,+0.944s,23.0,18.0,+1.410s,14.0,9.0,+1.486s,12.0,7,1:53.739,1:51.865,1:49.466,25.0,7.0,1:49.466,11,50.0,+85.308s,0.0,14.0,41.0,21:12:09,1:35.629,233.439,oK_R22_las-vegas_2025,2025,22,0,No,,,,,,,,,,,
ANT,Kimi Antonelli,Mercedes,10.0,+0.736s,30.0,2.0,+0.029s,18.0,6.0,+1.331s,23.0,17,1:56.314,0,0,8.0,17.0,1:56.314,3,50.0,+30.488s,15.0,2.0,48.0,21:22:34,1:33.998,237.49,oK_R22_las-vegas_2025,2025,22,15,No,,,,,,,,,,,
BEA,Oliver Bearman,Haas F1 Team,16.0,+1.188s,28.0,17.0,+1.384s,17.0,11.0,+1.532s,18.0,14,1:56.016,1:53.094,0,17.0,14.0,1:53.094,10,50.0,+70.549s,1.0,5.0,50.0,21:26:27,1:34.519,236.181,oK_R22_las-vegas_2025,2025,22,1,No,,,,,,,,,,,
BOR,Gabriel Bortoleto,Kick Sauber,19.0,+1.596s,25.0,20.0,+1.897s,15.0,13.0,+1.684s,16.0,18,1:56.674,0,0,9.0,18.0,1:56.674,NC,2.0,DNF,0.0,0.0,0.0,0,0,0.0,oK_R22_las-vegas_2025,2025,22,0,No,,,,,,,,,,,
COL,Franco Colapinto,Alpine,20.0,+1.956s,28.0,16.0,+1.222s,18.0,16.0,+2.251s,17.0,15,1:54.847,1:53.683,0,17.0,15.0,1:53.683,15,49.0,+1 lap,0.0,16.0,38.0,21:07:47,1:35.780,233.071,oK_R22_las-vegas_2025,2025,22,0,No,,,,,,,,,,,
GAS,Pierre Gasly,Alpine,12.0,+0.787s,26.0,12.0,+0.771s,18.0,10.0,+1.508s,13.0,10,1:54.432,1:51.760,1:51.540,25.0,10.0,1:51.540,13,50.0,+91.702s,0.0,15.0,44.0,21:17:10,1:35.674,233.329,oK_R22_las-vegas_2025,2025,22,0,No,,,,,,,,,,,
HAD,Isack Hadjar,Racing Bulls,7.0,+0.497s,30.0,5.0,+0.291s,16.0,4.0,+1.115s,26.0,8,1:55.613,1:51.120,1:49.554,25.0,8.0,1:49.554,6,50.0,+45.257s,8.0,10.0,50.0,21:26:02,1:34.620,235.928,oK_R22_las-vegas_2025,2025,22,8,No,,,,,,,,,,,
HAM,Lewis Hamilton,Ferrari,11.0,+0.759s,26.0,10.0,+0.525s,17.0,5.0,+1.215s,29.0,20,1:57.115,0,0,9.0,19.0,1:57.115,8,50.0,+59.369s,4.0,6.0,49.0,21:24:41,1:34.553,236.096,oK_R22_las-vegas_2025,2025,22,4,No,,,,,,,,,,,
HUL,Nico Hulkenberg,Kick Sauber,18.0,+1.368s,25.0,4.0,+0.277s,14.0,17.0,+2.596s,11.0,11,1:54.555,1:52.781,0,18.0,11.0,1:52.781,7,50.0,+51.134s,6.0,8.0,49.0,21:24:32,1:34.592,235.998,oK_R22_las-vegas_2025,2025,22,6,No,,,,,,,,,,,
LAW,Liam Lawson,Racing Bulls,13.0,+0.907s,28.0,6.0,+0.299s,16.0,7.0,+1.385s,25.0,6,1:54.828,1:51.621,1:49.062,25.0,6.0,1:49.062,14,49.0,+1 lap,0.0,11.0,47.0,21:22:07,1:34.837,235.389,oK_R22_las-vegas_2025,2025,22,0,No,,,,,,,,,,,
LEC,Charles Leclerc,Ferrari,1.0,1:34.802,29.0,3.0,+0.161s,16.0,15.0,+1.854s,27.0,9,1:54.814,1:51.952,1:49.872,24.0,9.0,1:49.872,4,50.0,+30.678s,12.0,3.0,43.0,21:14:43,1:34.304,236.719,oK_R22_las-vegas_2025,2025,22,12,No,,,,,,,,,,,
NOR,Lando Norris,McLaren,6.0,+0.456s,25.0,1.0,1:33.602,13.0,20.0,+3.058s,18.0,1,1:55.473,1:51.379,1:47.934,25.0,1.0,1:47.934,DQ,0.0,DSQ,0.0,2.0,41.0,21:11:16,1:33.965,237.573,oK_R22_las-vegas_2025,2025,22,0,No,,,,,,,,,,,
OCO,Esteban Ocon,Haas F1 Team,17.0,+1.321s,30.0,19.0,+1.626s,18.0,14.0,+1.763s,24.0,13,1:54.635,1:52.987,0,17.0,13.0,1:52.987,9,50.0,+60.635s,2.0,7.0,48.0,21:23:08,1:34.557,236.086,oK_R22_las-vegas_2025,2025,22,2,No,,,,,,,,,,,
PIA,Oscar Piastri,McLaren,8.0,+0.648s,27.0,14.0,+0.891s,12.0,19.0,+2.969s,20.0,5,1:54.544,1:52.126,1:48.961,23.0,5.0,1:48.961,DQ,0.0,DSQ,0.0,4.0,47.0,21:21:01,1:34.086,237.268,oK_R22_las-vegas_2025,2025,22,0,No,,,,,,,,,,,
RUS,George Russell,Mercedes,9.0,+0.732s,25.0,7.0,+0.435s,18.0,1.0,1:34.054,21.0,4,1:53.144,1:50.935,1:48.803,25.0,4.0,1:48.803,2,50.0,+23.546s,18.0,9.0,50.0,21:25:40,1:34.592,235.998,oK_R22_las-vegas_2025,2025,22,18,No,,,,,,,,,,,
SAI,Carlos Sainz,Williams,5.0,+0.377s,31.0,13.0,+0.833s,16.0,12.0,+1.608s,22.0,3,1:54.873,1:51.144,1:48.296,24.0,3.0,1:48.296,5,50.0,+34.924s,10.0,4.0,42.0,21:13:13,1:34.496,236.238,oK_R22_las-vegas_2025,2025,22,10,No,,,,,,,,,,,
STR,Lance Stroll,Aston Martin,15.0,+1.092s,25.0,11.0,+0.589s,15.0,8.0,+1.479s,11.0,12,1:54.416,1:52.850,0,18.0,12.0,1:52.850,NC,0.0,DNF,0.0,0.0,0.0,0,0,0.0,oK_R22_las-vegas_2025,2025,22,0,No,,,,,,,,,,,
TSU,Yuki Tsunoda,Red Bull Racing,3.0,+0.269s,27.0,15.0,+1.090s,16.0,18.0,+2.613s,24.0,19,1:56.798,0,0,9.0,20.0,1:56.798,12,50.0,+86.974s,0.0,12.0,49.0,21:25:08,1:34.967,235.066,oK_R22_las-vegas_2025,2025,22,0,No,,,,,,,,,,,
VER,Max Verstappen,Red Bull Racing,4.0,+0.307s,24.0,9.0,+0.503s,16.0,2.0,+0.227s,28.0,2,1:53.458,1:51.593,1:48.257,24.0,2.0,1:48.257,1,50.0,1:21:08.429,25.0,1.0,50.0,21:25:16,1:33.365,239.1,oK_R22_las-vegas_2025,2025,22,25,No,,,,,,,,,,,
ALB,Alexander Albon,Williams,7.0,+0.685s,29.0,,,,,,,15,1:20.629,1:20.629,0,19.0,14.0,1:20.629,11,57.0,+66.931s,0.0,11.0,57.0,20:29:12,1:24.261,231.523,oK_R23_qatar_2025,2025,23,0,Yes,10,19.0,+28.925s,0.0,10.0,1:20.788,10,1:21.721,1:21.212,1:20.788,20.0
ALO,Fernando Alonso,Aston Martin,3.0,+0.386s,26.0,,,,,,,8,1:20.598,1:20.219,1:20.418,21.0,8.0,1:20.418,7,57.0,+54.045s,6.0,7.0,57.0,20:28:59,1:23.940,232.408,oK_R23_qatar_2025,2025,23,8,Yes,7,19.0,+24.556s,2.0,4.0,1:20.450,4,1:21.276,1:21.272,1:20.450,18.0
ANT,Kimi Antonelli,Mercedes,10.0,+0.774s,32.0,,,,,,,5,1:20.576,1:20.084,1:19.846,22.0,5.0,1:19.846,5,57.0,+28.317s,10.0,8.0,55.0,20:25:40,1:23.955,232.367,oK_R23_qatar_2025,2025,23,13,Yes,6,19.0,+21.391s,3.0,7.0,1:20.532,7,1:21.555,1:21.376,1:20.532,18.0
BEA,Oliver Bearman,Haas F1 Team,15.0,+1.002s,26.0,,,,,,,13,1:20.548,1:20.438,0,20.0,13.0,1:20.438,NC,41.0,DNF,0.0,15.0,34.0,19:56:42,1:24.930,229.699,oK_R23_qatar_2025,2025,23,0,Yes,12,19.0,+34.529s,0.0,12.0,1:21.494,12,1:21.526,1:21.494,0,14.0
BOR,Gabriel Bortoleto,Kick Sauber,16.0,+1.002s,29.0,,,,,,,14,1:20.653,1:20.534,0,20.0,19.0,1:20.534,13,57.0,+84.812s,0.0,17.0,54.0,20:25:12,1:25.233,228.883,oK_R23_qatar_2025,2025,23,0,Yes,11,19.0,+32.966s,0.0,13.0,1:21.567,13,1:21.623,1:21.567,0,13.0
COL,Franco Colapinto,Alpine,20.0,+2.605s,26.0,,,,,,,20,1:21.137,0,0,9.0,20.0,1:21.137,14,56.0,+1 lap,0.0,19.0,52.0,20:22:23,1:25.644,227.784,oK_R23_qatar_2025,2025,23,0,Yes,20,19.0,+80.804s,0.0,20.0,1:22.364,20,1:22.364,0,0,8.0
GAS,Pierre Gasly,Alpine,18.0,+1.500s,25.0,,,,,,,9,1:20.681,1:20.324,1:20.477,21.0,9.0,1:20.477,16,56.0,+1 lap,0.0,18.0,55.0,20:25:18,1:25.376,228.499,oK_R23_qatar_2025,2025,23,0,Yes,18,19.0,+69.534s,0.0,19.0,1:22.112,19,1:22.112,0,0,8.0
HAD,Isack Hadjar,Racing Bulls,5.0,+0.579s,30.0,,,,,,,6,1:20.603,1:20.350,1:20.114,20.0,6.0,1:20.114,18,55.0,DNF,0.0,12.0,52.0,20:21:51,1:24.317,231.369,oK_R23_qatar_2025,2025,23,0,Yes,9,19.0,+28.206s,0.0,11.0,1:21.433,11,1:21.399,1:21.433,0,14.0
HAM,Lewis Hamilton,Ferrari,12.0,+0.870s,28.0,,,,,,,18,1:20.907,0,0,9.0,17.0,1:20.907,12,57.0,+77.730s,0.0,14.0,52.0,20:22:13,1:24.848,229.921,oK_R23_qatar_2025,2025,23,0,Yes,17,19.0,+46.171s,0.0,18.0,1:22.043,18,1:22.043,0,0,8.0
HUL,Nico Hulkenberg,Kick Sauber,11.0,+0.859s,23.0,,,,,,,11,1:20.630,1:20.353,0,20.0,11.0,1:20.353,NC,6.0,DNF,0.0,20.0,5.0,19:10:55,1:28.139,221.336,oK_R23_qatar_2025,2025,23,0,Yes,16,19.0,+39.638s,0.0,14.0,1:21.631,14,1:21.327,1:21.631,0,14.0
LAW,Liam Lawson,Racing Bulls,19.0,+1.638s,30.0,,,,,,,12,1:20.539,1:20.433,0,15.0,12.0,1:20.433,9,57.0,+60.073s,2.0,9.0,54.0,20:24:52,1:23.971,232.323,oK_R23_qatar_2025,2025,23,2,Yes,14,19.0,+36.916s,0.0,16.0,1:21.851,17,1:21.851,0,0,6.0
LEC,Charles Leclerc,Ferrari,8.0,+0.744s,31.0,,,,,,,10,1:20.564,1:20.343,1:20.561,23.0,10.0,1:20.561,8,57.0,+56.785s,4.0,13.0,56.0,20:27:37,1:24.432,231.054,oK_R23_qatar_2025,2025,23,4,Yes,13,19.0,+35.182s,0.0,9.0,1:20.622,9,1:21.636,1:21.190,1:20.622,20.0
NOR,Lando Norris,McLaren,2.0,+0.058s,28.0,,,,,,,2,1:20.157,1:19.861,1:19.495,17.0,2.0,1:19.495,4,57.0,+23.315s,12.0,2.0,47.0,20:14:29,1:23.197,234.484,oK_R23_qatar_2025,2025,23,18,Yes,3,19.0,+6.279s,6.0,3.0,1:20.285,3,1:21.398,1:20.956,1:20.285,18.0
OCO,Esteban Ocon,Haas F1 Team,17.0,+1.172s,30.0,,,,,,,17,1:20.864,0,0,11.0,16.0,1:20.864,15,56.0,+1 lap,0.0,16.0,36.0,19:59:32,1:25.056,229.359,oK_R23_qatar_2025,2025,23,0,Yes,15,19.0,+38.838s,0.0,15.0,1:21.666,15,1:21.773,1:21.666,0,14.0
PIA,Oscar Piastri,McLaren,1.0,1:20.924,29.0,,,,,,,1,1:20.234,1:19.650,1:19.387,18.0,1.0,1:19.387,2,57.0,+7.995s,18.0,1.0,44.0,20:10:07,1:22.996,235.052,oK_R23_qatar_2025,2025,23,26,Yes,1,19.0,26:51.033,8.0,1.0,1:20.055,1,1:21.286,1:21.005,1:20.055,18.0
RUS,George Russell,Mercedes,14.0,+0.900s,33.0,,,,,,,4,1:20.074,1:20.186,1:19.662,26.0,4.0,1:19.662,6,57.0,+48.599s,8.0,3.0,56.0,20:27:30,1:23.198,234.481,oK_R23_qatar_2025,2025,23,15,Yes,2,19.0,+4.951s,7.0,2.0,1:20.087,2,1:21.432,1:21.136,1:20.087,19.0
SAI,Carlos Sainz,Williams,4.0,+0.480s,20.0,,,,,,,7,1:20.520,1:20.251,1:20.287,25.0,7.0,1:20.287,3,57.0,+22.665s,15.0,6.0,48.0,20:15:49,1:23.859,232.633,oK_R23_qatar_2025,2025,23,16,Yes,8,19.0,+27.333s,1.0,8.0,1:20.542,8,1:21.438,1:21.172,1:20.542,20.0
STR,Lance Stroll,Aston Martin,9.0,+0.745s,26.0,,,,,,,19,1:21.058,0,0,10.0,18.0,1:21.058,17,55.0,DNF,0.0,4.0,52.0,20:21:12,1:23.484,233.678,oK_R23_qatar_2025,2025,23,0,Yes,19,19.0,+77.960s,0.0,17.0,1:21.807,16,1:21.807,0,0,7.0
TSU,Yuki Tsunoda,Red Bull Racing,13.0,+0.872s,28.0,,,,,,,16,1:20.761,0,0,9.0,15.0,1:20.761,10,57.0,+61.770s,1.0,10.0,57.0,20:29:07,1:24.139,231.859,oK_R23_qatar_2025,2025,23,5,Yes,5,19.0,+19.327s,4.0,5.0,1:20.519,5,1:21.458,1:21.152,1:20.519,20.0
VER,Max Verstappen,Red Bull Racing,6.0,+0.580s,27.0,,,,,,,3,1:20.472,1:19.985,1:19.651,23.0,3.0,1:19.651,1,57.0,1:24:38.241,25.0,5.0,50.0,20:18:14,1:23.498,233.639,oK_R23_qatar_2025,2025,23,30,Yes,4,19.0,+9.054s,5.0,6.0,1:20.528,6,1:21.172,1:21.036,1:20.528,20.0
ALB,Alexander Albon,Williams,0.0,0,0.0,15.0,+0.867s,32.0,10.0,+0.388s,18.0,17.0,1:23.416,0,0,6.0,17.0,1:23.416,16.0,58.0,+90.327s,0.0,12.0,45.0,18:11:42,1:28.367,215.143,oK_R24_abu-dhabi_2025,2025,24,0,No,,,,,,,,,,,
ALO,Fernando Alonso,Aston Martin,0.0,0,0.0,9.0,+0.625s,27.0,4.0,+0.251s,17.0,6.0,1:23.071,1:22.861,1:22.902,18.0,6.0,1:22.902,6.0,58.0,+67.562s,8.0,11.0,54.0,18:24:46,1:28.279,215.358,oK_R24_abu-dhabi_2025,2025,24,8,No,,,,,,,,,,,
ANT,Kimi Antonelli,Mercedes,4.0,+0.123s,30.0,10.0,+0.667s,29.0,9.0,+0.373s,14.0,14.0,1:22.894,1:23.080,0,12.0,14.0,1:23.080,15.0,58.0,+84.399s,0.0,9.0,34.0,17:55:24,1:28.029,215.969,oK_R24_abu-dhabi_2025,2025,24,0,No,,,,,,,,,,,
ARO,Paul Aron,Alpine,13.0,+0.719s,27.0,0.0,0,0.0,0.0,0,0.0,0.0,0,0,0,0.0,0.0,0,0.0,0.0,0,0.0,0.0,0.0,0,0,0.0,oK_R24_abu-dhabi_2025,2025,24,0,No,,,,,,,,,,,
BEA,Oliver Bearman,Haas F1 Team,8.0,+0.274s,14.0,4.0,+0.418s,28.0,7.0,+0.275s,16.0,11.0,1:23.254,1:23.041,0,11.0,11.0,1:23.041,12.0,58.0,+81.166s,0.0,17.0,50.0,18:18:55,1:28.976,213.671,oK_R24_abu-dhabi_2025,2025,24,0,No,,,,,,,,,,,
BOR,Gabriel Bortoleto,Kick Sauber,7.0,+0.257s,29.0,6.0,+0.487s,28.0,11.0,+0.457s,16.0,7.0,1:23.374,1:22.874,1:22.904,21.0,7.0,1:22.904,11.0,58.0,+81.043s,0.0,19.0,47.0,18:14:30,1:29.114,213.34,oK_R24_abu-dhabi_2025,2025,24,0,No,,,,,,,,,,,
BRO,Luke Browning,Williams,18.0,+1.005s,18.0,0.0,0,0.0,0.0,0,0.0,0.0,0,0,0,0.0,0.0,0,0.0,0.0,0,0.0,0.0,0.0,0,0,0.0,oK_R24_abu-dhabi_2025,2025,24,0,No,,,,,,,,,,,
COL,Franco Colapinto,Alpine,10.0,+0.370s,28.0,19.0,+1.688s,28.0,19.0,+1.167s,18.0,20.0,1:23.890,0,0,9.0,20.0,1:23.890,20.0,57.0,+1 lap,0.0,7.0,43.0,18:07:39,1:27.710,216.755,oK_R24_abu-dhabi_2025,2025,24,0,No,,,,,,,,,,,
CRA,Jak Crawford,Aston Martin,19.0,+1.404s,24.0,0.0,0,0.0,0.0,0,0.0,0.0,0,0,0,0.0,0.0,0,0.0,0.0,0,0.0,0.0,0.0,0,0,0.0,oK_R24_abu-dhabi_2025,2025,24,0,No,,,,,,,,,,,
GAS,Pierre Gasly,Alpine,0.0,0,0.0,20.0,+1.880s,30.0,17.0,+0.738s,19.0,19.0,1:23.468,0,0,9.0,19.0,1:23.468,19.0,57.0,+1 lap,0.0,8.0,47.0,18:13:26,1:27.767,216.614,oK_R24_abu-dhabi_2025,2025,24,0,No,,,,,,,,,,,
HAD,Isack Hadjar,Racing Bulls,12.0,+0.492s,31.0,7.0,+0.574s,29.0,16.0,+0.645s,17.0,9.0,1:23.373,1:22.997,1:23.072,18.0,9.0,1:23.072,17.0,57.0,+1 lap,0.0,20.0,52.0,18:22:05,1:29.375,212.717,oK_R24_abu-dhabi_2025,2025,24,0,No,,,,,,,,,,,
HAM,Lewis Hamilton,Ferrari,0.0,0,0.0,14.0,+0.856s,29.0,18.0,+1.136s,8.0,16.0,1:23.394,0,0,9.0,16.0,1:23.394,8.0,58.0,+72.670s,4.0,10.0,36.0,17:58:10,1:28.094,215.81,oK_R24_abu-dhabi_2025,2025,24,4,No,,,,,,,,,,,
HIR,Ryo Hirakawa,Haas F1 Team,11.0,+0.449s,28.0,0.0,0,0.0,0.0,0,0.0,0.0,0,0,0,0.0,0.0,0,0.0,0.0,0,0.0,0.0,0.0,0,0,0.0,oK_R24_abu-dhabi_2025,2025,24,0,No,,,,,,,,,,,
HUL,Nico Hulkenberg,Kick Sauber,5.0,+0.144s,28.0,5.0,+0.467s,28.0,13.0,+0.536s,17.0,18.0,1:23.450,0,0,9.0,18.0,1:23.450,9.0,58.0,+79.014s,2.0,4.0,46.0,18:13:14,1:27.050,218.398,oK_R24_abu-dhabi_2025,2025,24,2,No,,,,,,,,,,,
IWA,Ayumu Iwasa,Racing Bulls,17.0,+0.990s,30.0,0.0,0,0.0,0.0,0,0.0,0.0,0,0,0,0.0,0.0,0,0.0,0.0,0,0.0,0.0,0.0,0,0,0.0,oK_R24_abu-dhabi_2025,2025,24,0,No,,,,,,,,,,,
LAW,Liam Lawson,Racing Bulls,0.0,0,0.0,18.0,+1.391s,32.0,15.0,+0.613s,16.0,13.0,1:23.265,1:23.077,0,14.0,13.0,1:23.077,18.0,57.0,+1 lap,0.0,16.0,39.0,18:02:46,1:28.886,213.887,oK_R24_abu-dhabi_2025,2025,24,0,No,,,,,,,,,,,
LEC,Arthur Leclerc,Ferrari,16.0,+0.875s,27.0,0.0,0,0.0,0.0,0,0.0,0.0,0,0,0,0.0,0.0,0,0.0,0.0,0,0.0,0.0,0.0,0,0,0.0,oK_R24_abu-dhabi_2025,2025,24,0,No,,,,,,,,,,,
LEC,Charles Leclerc,Ferrari,3.0,+0.016s,28.0,8.0,+0.575s,31.0,8.0,+0.341s,18.0,5.0,1:23.163,1:22.948,1:22.730,18.0,5.0,1:22.730,4.0,58.0,+23.279s,12.0,1.0,45.0,18:10:59,1:26.725,219.217,oK_R24_abu-dhabi_2025,2025,24,12,No,,,,,,,,,,,
LIN,Arvid Lindblad,Red Bull Racing,15.0,+0.771s,26.0,0.0,0,0.0,0.0,0,0.0,0.0,0,0,0,0.0,0.0,0,0.0,0.0,0,0.0,0.0,0.0,0,0,0.0,oK_R24_abu-dhabi_2025,2025,24,0,No,,,,,,,,,,,
NOR,Lando Norris,McLaren,1.0,1:24.485,28.0,1.0,1:23.083,28.0,2.0,+0.004s,20.0,2.0,1:23.178,1:22.804,1:22.408,17.0,2.0,1:22.408,3.0,58.0,+16.572s,15.0,3.0,48.0,18:15:15,1:26.818,218.982,oK_R24_abu-dhabi_2025,2025,24,15,No,,,,,,,,,,,
OCO,Esteban Ocon,Haas F1 Team,0.0,0,0.0,16.0,+0.875s,27.0,6.0,+0.271s,19.0,8.0,1:23.334,1:23.023,1:22.913,18.0,8.0,1:22.913,7.0,58.0,+69.876s,6.0,15.0,56.0,18:27:47,1:28.655,214.444,oK_R24_abu-dhabi_2025,2025,24,6,No,,,,,,,,,,,
OWA,Patricio O'Ward,McLaren,14.0,+0.761s,28.0,0.0,0,0.0,0.0,0,0.0,0.0,0,0,0,0.0,0.0,0,0.0,0.0,0,0.0,0.0,0.0,0,0,0.0,oK_R24_abu-dhabi_2025,2025,24,0,No,,,,,,,,,,,
PIA,Oscar Piastri,McLaren,0.0,0,0.0,11.0,+0.680s,29.0,5.0,+0.259s,17.0,3.0,1:22.605,1:23.021,1:22.437,17.0,3.0,1:22.437,2.0,58.0,+12.594s,18.0,2.0,44.0,18:09:22,1:26.765,219.116,oK_R24_abu-dhabi_2025,2025,24,18,No,,,,,,,,,,,
RUS,George Russell,Mercedes,6.0,+0.248s,29.0,3.0,+0.379s,29.0,1.0,1:23.334,14.0,4.0,1:23.247,1:22.730,1:22.645,18.0,4.0,1:22.645,5.0,58.0,+48.563s,10.0,14.0,57.0,18:28:54,1:28.599,214.58,oK_R24_abu-dhabi_2025,2025,24,10,No,,,,,,,,,,,
SAI,Carlos Sainz,Williams,9.0,+0.286s,27.0,13.0,+0.789s,31.0,12.0,+0.477s,18.0,12.0,1:23.187,1:23.042,0,12.0,12.0,1:23.042,13.0,58.0,+82.158s,0.0,18.0,51.0,18:20:28,1:29.052,213.488,oK_R24_abu-dhabi_2025,2025,24,0,No,,,,,,,,,,,
SHI,Cian Shields,Aston Martin,20.0,+1.947s,22.0,0.0,0,0.0,0.0,0,0.0,0.0,0,0,0,0.0,0.0,0,0.0,0.0,0,0.0,0.0,0.0,0,0,0.0,oK_R24_abu-dhabi_2025,2025,24,0,No,,,,,,,,,,,
STR,Lance Stroll,Aston Martin,0.0,0,0.0,12.0,+0.749s,29.0,14.0,+0.561s,19.0,15.0,1:23.316,1:23.097,0,15.0,15.0,1:23.097,10.0,58.0,+79.523s,1.0,6.0,52.0,18:21:58,1:27.626,216.963,oK_R24_abu-dhabi_2025,2025,24,1,No,,,,,,,,,,,
TSU,Yuki Tsunoda,Red Bull Racing,0.0,0,0.0,17.0,+1.220s,29.0,20.0,+1.359s,10.0,10.0,1:23.386,1:23.034,DNF,17.0,10.0,0,14.0,58.0,+83.794s,0.0,13.0,44.0,18:10:07,1:28.557,214.682,oK_R24_abu-dhabi_2025,2025,24,0,No,,,,,,,,,,,
VER,Max Verstappen,Red Bull Racing,2.0,+0.008s,30.0,2.0,+0.363s,31.0,3.0,+0.124s,15.0,1.0,1:22.877,1:22.752,1:22.207,18.0,1.0,1:22.207,1.0,58.0,1:26:07.469,25.0,5.0,39.0,18:01:39,1:27.625,216.965,oK_R24_abu-dhabi_2025,2025,24,25,No,,,,,,,,,,,
